6908.307,stateEstimate.z,0.021568119525909424
6908.307,stateEstimate.vz,0.0009119551978074014
6908.307,gyro.z,0.03325260430574417
6908.307,posCtl.targetZ,0.0
6908.307,range.zrange,23.0
7079.163,stateEstimate.z,0.02091076225042343
7079.163,stateEstimate.vz,-0.0013217977248132229
7079.163,gyro.z,-0.09390655905008316
7079.163,posCtl.targetZ,0.0
7079.163,range.zrange,21.0
7165.679,stateEstimate.z,0.02024315856397152
7165.679,stateEstimate.vz,-0.004513007588684559
7165.679,gyro.z,-0.041623979806900024
7165.679,posCtl.targetZ,0.0
7165.679,range.zrange,19.0
7261.226,stateEstimate.z,0.02166471630334854
7261.226,stateEstimate.vz,0.0034556828904896975
7261.226,gyro.z,0.018769368529319763
7261.226,posCtl.targetZ,0.0
7261.226,range.zrange,22.0
7360.426,stateEstimate.z,0.01926259882748127
7360.426,stateEstimate.vz,-0.009461124427616596
7360.426,gyro.z,0.09037923812866211
7360.426,posCtl.targetZ,0.0
7360.426,range.zrange,17.0
7449.208,stateEstimate.z,0.01936941035091877
7449.208,stateEstimate.vz,-0.005071204621344805
7449.208,gyro.z,-0.1099427118897438
7449.208,posCtl.targetZ,0.0
7449.208,range.zrange,21.0
7558.764,stateEstimate.z,0.020378494635224342
7558.764,stateEstimate.vz,0.0011960124829784036
7558.764,gyro.z,-0.0960833728313446
7558.764,posCtl.targetZ,0.0
7558.764,range.zrange,21.0
7673.335,stateEstimate.z,0.02115792967379093
7673.335,stateEstimate.vz,0.00283426302485168
7673.335,gyro.z,0.3632645010948181
7673.335,posCtl.targetZ,0.0
7673.335,range.zrange,21.0
7775.286,stateEstimate.z,0.021200424060225487
7775.286,stateEstimate.vz,0.0015506923664361238
7775.286,gyro.z,0.2968538999557495
7775.286,posCtl.targetZ,0.0
7775.286,range.zrange,21.0
7853.852,stateEstimate.z,0.020651038736104965
7853.852,stateEstimate.vz,-0.0020039519295096397
7853.852,gyro.z,-0.13653649389743805
7853.852,posCtl.targetZ,0.0
7853.852,range.zrange,20.0
7978.754,stateEstimate.z,0.019580746069550514
7978.754,stateEstimate.vz,-0.005671997554600239
7978.754,gyro.z,0.15631310641765594
7978.754,posCtl.targetZ,0.0
7978.754,range.zrange,19.0
8047.083,stateEstimate.z,0.02104995958507061
8047.083,stateEstimate.vz,0.0026854954194277525
8047.083,gyro.z,-0.2545824348926544
8047.083,posCtl.targetZ,0.0
8047.083,range.zrange,22.0
8156.866,stateEstimate.z,0.02116600051522255
8156.866,stateEstimate.vz,0.0020651204977184534
8156.866,gyro.z,-0.24417564272880554
8156.866,posCtl.targetZ,0.0
8156.866,range.zrange,21.0
8271.2,stateEstimate.z,0.021037260070443153
8271.2,stateEstimate.vz,0.00032928280415944755
8271.2,gyro.z,-0.05995146185159683
8271.2,posCtl.targetZ,0.0
8271.2,range.zrange,20.0
8374.815,stateEstimate.z,0.02101799286901951
8374.815,stateEstimate.vz,-0.0003192253061570227
8374.815,gyro.z,0.3051084876060486
8374.815,posCtl.targetZ,0.0
8374.815,range.zrange,21.0
8494.134,stateEstimate.z,0.021154550835490227
8494.134,stateEstimate.vz,0.0011284169740974903
8494.134,gyro.z,-0.14612393081188202
8494.134,posCtl.targetZ,0.0
8494.134,range.zrange,22.0
8618.158,stateEstimate.z,0.02079206518828869
8618.158,stateEstimate.vz,-0.0006052879616618156
8618.158,gyro.z,-0.3663446307182312
8618.158,posCtl.targetZ,0.0
8618.158,range.zrange,21.0
8675.999,stateEstimate.z,0.022173766046762466
8675.999,stateEstimate.vz,0.004740274045616388
8675.999,gyro.z,-0.24425537884235382
8675.999,posCtl.targetZ,0.0
8675.999,range.zrange,22.0
8753.844,stateEstimate.z,0.02164105884730816
8753.844,stateEstimate.vz,0.0004312130040489137
8753.844,gyro.z,-0.03758055344223976
8753.844,posCtl.targetZ,0.0
8753.844,range.zrange,22.0
8868.249,stateEstimate.z,0.02181444689631462
8868.249,stateEstimate.vz,0.00012679409701377153
8868.249,gyro.z,-0.06929434090852737
8868.249,posCtl.targetZ,0.0
8868.249,range.zrange,21.0
8967.571,stateEstimate.z,0.020659254863858223
8967.571,stateEstimate.vz,-0.005029185209423304
8967.571,gyro.z,0.12862832844257355
8967.571,posCtl.targetZ,0.0
8967.571,range.zrange,23.0
9071.51,stateEstimate.z,0.022199714556336403
9071.51,stateEstimate.vz,0.0028748870827257633
9071.51,gyro.z,-2.453964948654175
9071.51,posCtl.targetZ,5.245208853921213e-07
9071.51,range.zrange,22.0
9266.418,stateEstimate.z,0.021431516855955124
9266.418,stateEstimate.vz,-0.003949083853513002
9266.418,gyro.z,1.3265695571899414
9266.418,posCtl.targetZ,5.245208853921213e-07
9266.418,range.zrange,21.0
9292.645,stateEstimate.z,0.02096371166408062
9292.645,stateEstimate.vz,-0.007633907720446587
9292.645,gyro.z,1.276688814163208
9292.645,posCtl.targetZ,0.04105782508850098
9292.645,range.zrange,22.0
9377.73,stateEstimate.z,0.02115354873239994
9377.73,stateEstimate.vz,0.00020568518084473908
9377.73,gyro.z,13.80705738067627
9377.73,posCtl.targetZ,0.04105782508850098
9377.73,range.zrange,22.0
9466.901,stateEstimate.z,0.01288169901818037
9466.901,stateEstimate.vz,-0.026185253635048866
9466.901,gyro.z,12.4366455078125
9466.901,posCtl.targetZ,0.08315153419971466
9466.901,range.zrange,4.0
9562.942,stateEstimate.z,0.00288906111381948
9562.942,stateEstimate.vz,-0.01418394222855568
9562.942,gyro.z,4.507104396820068
9562.942,posCtl.targetZ,0.08315153419971466
9562.942,range.zrange,0.0
9688.751,stateEstimate.z,-0.0018077532295137644
9688.751,stateEstimate.vz,0.03369538113474846
9688.751,gyro.z,0.5938587784767151
9688.751,posCtl.targetZ,0.1253003627061844
9688.751,range.zrange,0.0
9787.806,stateEstimate.z,0.014382327906787395
9787.806,stateEstimate.vz,0.14966677129268646
9787.806,gyro.z,2.2060556411743164
9787.806,posCtl.targetZ,0.1253003627061844
9787.806,range.zrange,23.0
9901.595,stateEstimate.z,0.04854203760623932
9901.595,stateEstimate.vz,0.22662395238876343
9901.595,gyro.z,-0.01950044557452202
9901.595,posCtl.targetZ,0.1253003627061844
9901.595,range.zrange,54.0
9963.709,stateEstimate.z,0.08251874148845673
9963.709,stateEstimate.vz,0.2007589340209961
9963.709,gyro.z,-2.933917760848999
9963.709,posCtl.targetZ,0.1662687361240387
9963.709,range.zrange,82.0
10058.176,stateEstimate.z,0.09418395906686783
10058.176,stateEstimate.vz,0.07266467064619064
10058.176,gyro.z,-2.138336420059204
10058.176,posCtl.targetZ,0.1662687361240387
10058.176,range.zrange,91.0
10152.236,stateEstimate.z,0.09152323752641678
10152.236,stateEstimate.vz,-0.015615289099514484
10152.236,gyro.z,-1.9073771238327026
10152.236,posCtl.targetZ,0.21408763527870178
10152.236,range.zrange,87.0
10326.396,stateEstimate.z,0.08569224178791046
10326.396,stateEstimate.vz,0.0011608233908191323
10326.396,gyro.z,-2.5587122440338135
10326.396,posCtl.targetZ,0.21408763527870178
10326.396,range.zrange,84.0
10368.381,stateEstimate.z,0.08751416206359863
10368.381,stateEstimate.vz,0.09673392027616501
10368.381,gyro.z,-0.9712844491004944
10368.381,posCtl.targetZ,0.25422707200050354
10368.381,range.zrange,82.0
10469.252,stateEstimate.z,0.09983382374048233
10469.252,stateEstimate.vz,0.19516445696353912
10469.252,gyro.z,-0.33667197823524475
10469.252,posCtl.targetZ,0.25422707200050354
10469.252,range.zrange,97.0
10567.495,stateEstimate.z,0.12633013725280762
10567.495,stateEstimate.vz,0.2775188088417053
10567.495,gyro.z,2.929649829864502
10567.495,posCtl.targetZ,0.29508286714553833
10567.495,range.zrange,124.0
10657.061,stateEstimate.z,0.14876878261566162
10657.061,stateEstimate.vz,0.2778509259223938
10657.061,gyro.z,4.14009952545166
10657.061,posCtl.targetZ,0.29508286714553833
10657.061,range.zrange,139.0
10808.434,stateEstimate.z,0.17369864881038666
10808.434,stateEstimate.vz,0.2536735236644745
10808.434,gyro.z,4.187445163726807
10808.434,posCtl.targetZ,0.34313592314720154
10808.434,range.zrange,161.0
10903.102,stateEstimate.z,0.20003600418567657
10903.102,stateEstimate.vz,0.26809853315353394
10903.102,gyro.z,2.1477692127227783
10903.102,posCtl.targetZ,0.34313592314720154
10903.102,range.zrange,199.0
10971.701,stateEstimate.z,0.22823850810527802
10971.701,stateEstimate.vz,0.270538866519928
10971.701,gyro.z,1.8158262968063354
10971.701,posCtl.targetZ,0.38507503271102905
10971.701,range.zrange,218.0
11139.864,stateEstimate.z,0.2530384659767151
11139.864,stateEstimate.vz,0.27881094813346863
11139.864,gyro.z,-1.4561887979507446
11139.864,posCtl.targetZ,0.38507503271102905
11139.864,range.zrange,242.0
11185.166,stateEstimate.z,0.2817366421222687
11185.166,stateEstimate.vz,0.28316962718963623
11185.166,gyro.z,-4.486649513244629
11185.166,posCtl.targetZ,0.38507503271102905
11185.166,range.zrange,281.0
11254.236,stateEstimate.z,0.3120516836643219
11254.236,stateEstimate.vz,0.2799117863178253
11254.236,gyro.z,-6.484887599945068
11254.236,posCtl.targetZ,0.4261607229709625
11254.236,range.zrange,308.0
11342.921,stateEstimate.z,0.340049684047699
11342.921,stateEstimate.vz,0.27059200406074524
11342.921,gyro.z,-4.408595085144043
11342.921,posCtl.targetZ,0.4261607229709625
11342.921,range.zrange,332.0
11484.188,stateEstimate.z,0.36560407280921936
11484.188,stateEstimate.vz,0.24846038222312927
11484.188,gyro.z,-2.5364298820495605
11484.188,posCtl.targetZ,0.4792603850364685
11484.188,range.zrange,354.0
11547.92,stateEstimate.z,0.3896059989929199
11547.92,stateEstimate.vz,0.25973233580589294
11547.92,gyro.z,-1.5774586200714111
11547.92,posCtl.targetZ,0.5003403425216675
11547.92,range.zrange,386.0
11659.161,stateEstimate.z,0.4191359579563141
11659.161,stateEstimate.vz,0.28606411814689636
11659.161,gyro.z,-0.5551844835281372
11659.161,posCtl.targetZ,0.5003403425216675
11659.161,range.zrange,414.0
11749.435,stateEstimate.z,0.4472999572753906
11749.435,stateEstimate.vz,0.275140643119812
11749.435,gyro.z,-2.295248508453369
11749.435,posCtl.targetZ,0.5003403425216675
11749.435,range.zrange,440.0
11848.666,stateEstimate.z,0.47381553053855896
11848.666,stateEstimate.vz,0.23574338853359222
11848.666,gyro.z,-1.7736709117889404
11848.666,posCtl.targetZ,0.5003403425216675
11848.666,range.zrange,466.0
11958.206,stateEstimate.z,0.4934414327144623
11958.206,stateEstimate.vz,0.1731892079114914
11958.206,gyro.z,-1.4155715703964233
11958.206,posCtl.targetZ,0.5003403425216675
11958.206,range.zrange,491.0
12085.335,stateEstimate.z,0.508264422416687
12085.335,stateEstimate.vz,0.11774669587612152
12085.335,gyro.z,-1.8992851972579956
12085.335,posCtl.targetZ,0.5003403425216675
12085.335,range.zrange,503.0
12179.425,stateEstimate.z,0.5127887725830078
12179.425,stateEstimate.vz,0.056549470871686935
12179.425,gyro.z,1.3667795658111572
12179.425,posCtl.targetZ,0.5003403425216675
12179.425,range.zrange,505.0
12288.613,stateEstimate.z,0.520032525062561
12288.613,stateEstimate.vz,0.05673755705356598
12288.613,gyro.z,1.8970019817352295
12288.613,posCtl.targetZ,0.5003403425216675
12288.613,range.zrange,520.0
12387.805,stateEstimate.z,0.5214870572090149
12387.805,stateEstimate.vz,0.0326894111931324
12387.805,gyro.z,0.8828080892562866
12387.805,posCtl.targetZ,0.5003403425216675
12387.805,range.zrange,516.0
12387.805,range.zslope,0
12387.805,range.zoffset,0
12518.645,stateEstimate.z,0.5266094207763672
12518.645,stateEstimate.vz,0.04139057919383049
12518.645,gyro.z,1.532269835472107
12518.645,posCtl.targetZ,0.5003403425216675
12518.645,range.zrange,526.0
12518.645,range.zslope,0.07642922653622737
12518.645,range.zoffset,0
12586.988,stateEstimate.z,0.5320912003517151
12586.988,stateEstimate.vz,0.048863280564546585
12586.988,gyro.z,0.5692389011383057
12586.988,posCtl.targetZ,0.5003403425216675
12586.988,range.zrange,532.0
12586.988,range.zslope,0.07938341623789982
12586.988,range.zoffset,0
12645.754,stateEstimate.z,0.5378323197364807
12645.754,stateEstimate.vz,0.047099579125642776
12645.754,gyro.z,-0.09107740223407745
12645.754,posCtl.targetZ,0.5003403425216675
12645.754,range.zrange,536.0
12645.754,range.zslope,0.07833709916506182
12645.754,range.zoffset,0
12757.146,stateEstimate.z,0.5414721369743347
12757.146,stateEstimate.vz,0.03693251684308052
12757.146,gyro.z,0.3708701431751251
12757.146,posCtl.targetZ,0.5003403425216675
12757.146,range.zrange,542.0
12757.146,range.zslope,0.07157089568829282
12757.146,range.zoffset,0
12847.23,stateEstimate.z,0.543282151222229
12847.23,stateEstimate.vz,0.020235778763890266
12847.23,gyro.z,-1.649426817893982
12847.23,posCtl.targetZ,0.5003403425216675
12847.23,range.zrange,543.0
12847.23,range.zslope,0.05203160708228633
12847.23,range.zoffset,0
12956.441,stateEstimate.z,0.5476362109184265
12956.441,stateEstimate.vz,0.02122817561030388
12956.441,gyro.z,0.5101665258407593
12956.441,posCtl.targetZ,0.5003403425216675
12956.441,range.zrange,548.0
12956.441,range.zslope,0.04114984185712111
12956.441,range.zoffset,0
13089.372,stateEstimate.z,0.5446867942810059
13089.372,stateEstimate.vz,-0.015666337683796883
13089.372,gyro.z,-0.9865569472312927
13089.372,posCtl.targetZ,0.5003403425216675
13089.372,range.zrange,540.0
13089.372,range.zslope,0.011739922140186279
13089.372,range.zoffset,0
13206.217,stateEstimate.z,0.5454292297363281
13206.217,stateEstimate.vz,-0.006546639371663332
13206.217,gyro.z,-0.48213091492652893
13206.217,posCtl.targetZ,0.5003403425216675
13206.217,range.zrange,544.0
13206.217,range.zslope,0.00015771143803018558
13206.217,range.zoffset,0
13274.863,stateEstimate.z,0.5478935241699219
13274.863,stateEstimate.vz,0.009787806309759617
13274.863,gyro.z,0.28688085079193115
13274.863,posCtl.targetZ,0.5003403425216675
13274.863,range.zrange,549.0
13274.863,range.zslope,0.005645050860049307
13274.863,range.zoffset,0
13361.677,stateEstimate.z,0.5496296286582947
13361.677,stateEstimate.vz,0.014541901648044586
13361.677,gyro.z,-1.1215378046035767
13361.677,posCtl.targetZ,0.5003403425216675
13361.677,range.zrange,550.0
13361.677,range.zslope,0.010487921401519919
13361.677,range.zoffset,0
13441.045,stateEstimate.z,0.5488007068634033
13441.045,stateEstimate.vz,-0.00018872733926400542
13441.045,gyro.z,0.10461560636758804
13441.045,posCtl.targetZ,0.5003403425216675
13441.045,range.zrange,548.0
13441.045,range.zslope,0.025986709061650154
13441.045,range.zoffset,0
13561.697,stateEstimate.z,0.5513527393341064
13561.697,stateEstimate.vz,0.008940747007727623
13561.697,gyro.z,-0.4857728183269501
13561.697,posCtl.targetZ,0.5003403425216675
13561.697,range.zrange,554.0
13561.697,range.zslope,0.02184349662634907
13561.697,range.zoffset,0
13693.047,stateEstimate.z,0.546553909778595
13693.047,stateEstimate.vz,-0.020632728934288025
13693.047,gyro.z,-0.034460555762052536
13693.047,posCtl.targetZ,0.5003403425216675
13693.047,range.zrange,545.0
13693.047,range.zslope,-0.004685543891097763
13693.047,range.zoffset,0
13808.364,stateEstimate.z,0.5447030067443848
13808.364,stateEstimate.vz,-0.014330809004604816
13808.364,gyro.z,0.4444144666194916
13808.364,posCtl.targetZ,0.5003403425216675
13808.364,range.zrange,542.0
13808.364,range.zslope,-0.017140479899102612
13808.364,range.zoffset,0
13877.241,stateEstimate.z,0.5440257787704468
13877.241,stateEstimate.vz,0.001580141019076109
13877.241,gyro.z,-0.5319993495941162
13877.241,posCtl.targetZ,0.5003403425216675
13877.241,range.zrange,542.0
13877.241,range.zslope,-0.021615862133848977
13877.241,range.zoffset,0
13945.726,stateEstimate.z,0.5450064539909363
13945.726,stateEstimate.vz,0.006324786692857742
13945.726,gyro.z,-0.2300308793783188
13945.726,posCtl.targetZ,0.5003403425216675
13945.726,range.zrange,545.0
13945.726,range.zslope,-0.02511404323828524
13945.726,range.zoffset,0
14159.595,stateEstimate.z,0.543262779712677
14159.595,stateEstimate.vz,-0.008513220585882664
14159.595,gyro.z,0.7041914463043213
14159.595,posCtl.targetZ,0.5003403425216675
14159.595,range.zrange,543.0
14159.595,range.zslope,-0.0016641247111376697
14159.595,range.zoffset,0
14222.618,stateEstimate.z,0.5447298288345337
14222.618,stateEstimate.vz,0.006809390615671873
14222.618,gyro.z,-2.0907130241394043
14222.618,posCtl.targetZ,0.5003403425216675
14222.618,range.zrange,547.0
14222.618,range.zslope,0.008367095793622882
14222.618,range.zoffset,0
14307.437,stateEstimate.z,0.5438517332077026
14307.437,stateEstimate.vz,-0.0008088502800092101
14307.437,gyro.z,0.4899002015590668
14307.437,posCtl.targetZ,0.5003403425216675
14307.437,range.zrange,544.0
14307.437,range.zslope,0.004421840247251082
14307.437,range.zoffset,0
14432.459,stateEstimate.z,0.5397621989250183
14432.459,stateEstimate.vz,-0.01866496168076992
14432.459,gyro.z,0.40356719493865967
14432.459,posCtl.targetZ,0.5003403425216675
14432.459,range.zrange,541.0
14432.459,range.zslope,-0.006415628504629499
14432.459,range.zoffset,0
14538.28,stateEstimate.z,0.5350146293640137
14538.28,stateEstimate.vz,-0.028538981452584267
14538.28,gyro.z,-0.18396997451782227
14538.28,posCtl.targetZ,0.5003403425216675
14538.28,range.zrange,533.0
14538.28,range.zslope,-0.028706736142232965
14538.28,range.zoffset,0
14627.321,stateEstimate.z,0.5369848012924194
14627.321,stateEstimate.vz,0.008851956576108932
14627.321,gyro.z,1.140621304512024
14627.321,posCtl.targetZ,0.5003403425216675
14627.321,range.zrange,539.0
14627.321,range.zslope,-0.0264940752807396
14627.321,range.zoffset,0
14688.949,stateEstimate.z,0.5337216854095459
14688.949,stateEstimate.vz,-0.004584383685141802
14688.949,gyro.z,0.016600197181105614
14688.949,posCtl.targetZ,0.5003403425216675
14688.949,range.zrange,534.0
14688.949,range.zslope,-0.02356133951860036
14688.949,range.zoffset,0
14778.452,stateEstimate.z,0.535706102848053
14778.452,stateEstimate.vz,0.012957800179719925
14778.452,gyro.z,-2.498786449432373
14778.452,posCtl.targetZ,0.5003403425216675
14778.452,range.zrange,537.0
14778.452,range.zslope,-0.008701711098107504
14778.452,range.zoffset,0
14863.322,stateEstimate.z,0.53557288646698
14863.322,stateEstimate.vz,0.0059922002255916595
14863.322,gyro.z,-0.6105442047119141
14863.322,posCtl.targetZ,0.5003403425216675
14863.322,range.zrange,537.0
14863.322,range.zslope,0.008247399535091642
14863.322,range.zoffset,0
14948.095,stateEstimate.z,0.5376180410385132
14948.095,stateEstimate.vz,0.013333014212548733
14948.095,gyro.z,-2.392542839050293
14948.095,posCtl.targetZ,0.5003403425216675
14948.095,range.zrange,540.0
14948.095,range.zslope,0.0070308837330032735
14948.095,range.zoffset,0
15064.93,stateEstimate.z,0.5414900779724121
15064.93,stateEstimate.vz,0.020255528390407562
15064.93,gyro.z,-0.3760181665420532
15064.93,posCtl.targetZ,0.5003403425216675
15064.93,range.zrange,542.0
15064.93,range.zslope,0.02061509431789478
15064.93,range.zoffset,0
15159.041,stateEstimate.z,0.5414297580718994
15159.041,stateEstimate.vz,-0.0008239737362600863
15159.041,gyro.z,-2.0652222633361816
15159.041,posCtl.targetZ,0.5003403425216675
15159.041,range.zrange,540.0
15159.041,range.zslope,0.011346087636260377
15159.041,range.zoffset,0
15299.942,stateEstimate.z,0.5436550974845886
15299.942,stateEstimate.vz,0.004582481924444437
15299.942,gyro.z,-0.22140458226203918
15299.942,posCtl.targetZ,0.5003403425216675
15299.942,range.zrange,547.0
15299.942,range.zslope,0.018900598039343245
15299.942,range.zoffset,0
15385.1,stateEstimate.z,0.5410928726196289
15385.1,stateEstimate.vz,-0.016919832676649094
15385.1,gyro.z,-1.6410528421401978
15385.1,posCtl.targetZ,0.5003403425216675
15385.1,range.zrange,540.0
15385.1,range.zslope,0.005557995781969082
15385.1,range.zoffset,0
15464.157,stateEstimate.z,0.5413413643836975
15464.157,stateEstimate.vz,-0.010148849338293076
15464.157,gyro.z,0.25165411829948425
15464.157,posCtl.targetZ,0.5003403425216675
15464.157,range.zrange,542.0
15464.157,range.zslope,0.0012892966581068191
15464.157,range.zoffset,0
15614.728,stateEstimate.z,0.5393779873847961
15614.728,stateEstimate.vz,-0.017612453550100327
15614.728,gyro.z,-1.0784204006195068
15614.728,posCtl.targetZ,0.5003403425216675
15614.728,range.zrange,540.0
15614.728,range.zslope,-0.003694075655895779
15614.728,range.zoffset,0
15698.817,stateEstimate.z,0.5339662432670593
15698.817,stateEstimate.vz,-0.03247242420911789
15698.817,gyro.z,1.2212612628936768
15698.817,posCtl.targetZ,0.5003403425216675
15698.817,range.zrange,533.0
15698.817,range.zslope,-0.02664447673163614
15698.817,range.zoffset,0
15777.896,stateEstimate.z,0.5330960154533386
15777.896,stateEstimate.vz,-0.006967009510844946
15777.896,gyro.z,-0.02919933944940567
15777.896,posCtl.targetZ,0.5003403425216675
15777.896,range.zrange,536.0
15777.896,range.zslope,-0.01687875170199856
15777.896,range.zoffset,0
15872.802,stateEstimate.z,0.5314942002296448
15872.802,stateEstimate.vz,0.0022895599249750376
15872.802,gyro.z,-0.3449496626853943
15872.802,posCtl.targetZ,0.5003403425216675
15872.802,range.zrange,533.0
15872.802,range.zslope,-0.02263575068668033
15872.802,range.zoffset,0
15988.424,stateEstimate.z,0.5295137763023376
15988.424,stateEstimate.vz,-0.0029113837517797947
15988.424,gyro.z,1.4191111326217651
15988.424,posCtl.targetZ,0.5003403425216675
15988.424,range.zrange,530.0
15988.424,range.zslope,-0.021803845442040008
15988.424,range.zoffset,0
16072.723,stateEstimate.z,0.5277891159057617
16072.723,stateEstimate.vz,-0.011925352737307549
16072.723,gyro.z,-0.31815603375434875
16072.723,posCtl.targetZ,0.5003403425216675
16072.723,range.zrange,525.0
16072.723,range.zslope,-0.02339249823938132
16072.723,range.zoffset,0
16156.743,stateEstimate.z,0.52910977602005
16156.743,stateEstimate.vz,0.004143055062741041
16156.743,gyro.z,-0.9803866744041443
16156.743,posCtl.targetZ,0.5003403425216675
16156.743,range.zrange,530.0
16156.743,range.zslope,-0.021431548995055068
16156.743,range.zoffset,0
16288.168,stateEstimate.z,0.5300898551940918
16288.168,stateEstimate.vz,0.009234664961695671
16288.168,gyro.z,0.3348228633403778
16288.168,posCtl.targetZ,0.5003403425216675
16288.168,range.zrange,531.0
16288.168,range.zslope,-0.0037935645900248104
16288.168,range.zoffset,0
16351.632,stateEstimate.z,0.5287816524505615
16351.632,stateEstimate.vz,-0.0020229762885719538
16351.632,gyro.z,-1.7125277519226074
16351.632,posCtl.targetZ,0.5003403425216675
16351.632,range.zrange,525.0
16351.632,range.zslope,-0.00323577419936761
16351.632,range.zoffset,0
16487.444,stateEstimate.z,0.5272836685180664
16487.444,stateEstimate.vz,-0.011056494899094105
16487.444,gyro.z,-0.2700302302837372
16487.444,posCtl.targetZ,0.5003403425216675
16487.444,range.zrange,527.0
16487.444,range.zslope,-0.0003757589554739146
16487.444,range.zoffset,0
16591.398,stateEstimate.z,0.5281230807304382
16591.398,stateEstimate.vz,0.00648281816393137
16591.398,gyro.z,-0.2083984762430191
16591.398,posCtl.targetZ,0.5003403425216675
16591.398,range.zrange,528.0
16591.398,range.zslope,-0.006418988436823352
16591.398,range.zoffset,0
16644.988,stateEstimate.z,0.5271047353744507
16644.988,stateEstimate.vz,-0.0044571454636752605
16644.988,gyro.z,-1.558349609375
16644.988,posCtl.targetZ,0.5003403425216675
16644.988,range.zrange,529.0
16644.988,range.zslope,-0.000354350140063739
16644.988,range.zoffset,0
16781.076,stateEstimate.z,0.5262446403503418
16781.076,stateEstimate.vz,-0.0018988194642588496
16781.076,gyro.z,0.17620167136192322
16781.076,posCtl.targetZ,0.5003403425216675
16781.076,range.zrange,527.0
16781.076,range.zslope,0.005772161485016195
16781.076,range.zoffset,0
16900.461,stateEstimate.z,0.5266098976135254
16900.461,stateEstimate.vz,0.007585357874631882
16900.461,gyro.z,-0.7930543422698975
16900.461,posCtl.targetZ,0.5003403425216675
16900.461,range.zrange,527.0
16900.461,range.zslope,-0.001541867907064989
16900.461,range.zoffset,0
16998.108,stateEstimate.z,0.5283933281898499
16998.108,stateEstimate.vz,0.0036771874874830246
16998.108,gyro.z,0.43850722908973694
16998.108,posCtl.targetZ,0.5003403425216675
16998.108,range.zrange,528.0
16998.108,range.zslope,-0.0021871824528918267
16998.108,range.zoffset,0
17103.489,stateEstimate.z,0.5271358489990234
17103.489,stateEstimate.vz,-0.004311037715524435
17103.489,gyro.z,0.3400251567363739
17103.489,posCtl.targetZ,0.5003403425216675
17103.489,range.zrange,531.0
17103.489,range.zslope,0.0038914141796990817
17103.489,range.zoffset,0
17229.768,stateEstimate.z,0.5234442353248596
17229.768,stateEstimate.vz,-0.015436952002346516
17229.768,gyro.z,-0.4276955723762512
17229.768,posCtl.targetZ,0.5003403425216675
17229.768,range.zrange,523.0
17229.768,range.zslope,-0.0042007356132140695
17229.768,range.zoffset,0
17293.374,stateEstimate.z,0.519500195980072
17293.374,stateEstimate.vz,-0.017405331134796143
17293.374,gyro.z,1.4613596200942993
17293.374,posCtl.targetZ,0.5003403425216675
17293.374,range.zrange,518.0
17293.374,range.zslope,-0.022115971540826347
17293.374,range.zoffset,0
17398.138,stateEstimate.z,0.5185741782188416
17398.138,stateEstimate.vz,0.0012193372240290046
17398.138,gyro.z,-0.8308150768280029
17398.138,posCtl.targetZ,0.5003403425216675
17398.138,range.zrange,518.0
17398.138,range.zslope,-0.03291223488140423
17398.138,range.zoffset,0
17482.507,stateEstimate.z,0.5177112221717834
17482.507,stateEstimate.vz,-0.00517996633425355
17482.507,gyro.z,-1.9706079959869385
17482.507,posCtl.targetZ,0.5003403425216675
17482.507,range.zrange,518.0
17482.507,range.zslope,-0.03388718022455509
17482.507,range.zoffset,0
17571.488,stateEstimate.z,0.5184453725814819
17571.488,stateEstimate.vz,0.012599852867424488
17571.488,gyro.z,-1.0157979726791382
17571.488,posCtl.targetZ,0.5003403425216675
17571.488,range.zrange,518.0
17571.488,range.zslope,-0.010810875678408834
17571.488,range.zoffset,0
17682.788,stateEstimate.z,0.518875777721405
17682.788,stateEstimate.vz,0.010591971687972546
17682.788,gyro.z,-2.2454724311828613
17682.788,posCtl.targetZ,0.5003403425216675
17682.788,range.zrange,519.0
17682.788,range.zslope,0.0021693556015529823
17682.788,range.zoffset,0
17777.375,stateEstimate.z,0.5194673538208008
17777.375,stateEstimate.vz,0.0034472430124878883
17777.375,gyro.z,-0.23932132124900818
17777.375,posCtl.targetZ,0.5003403425216675
17777.375,range.zrange,518.0
17777.375,range.zslope,0.0010888362117582647
17777.375,range.zoffset,0
17847.872,stateEstimate.z,0.5199441909790039
17847.872,stateEstimate.vz,0.0001828711392590776
17847.872,gyro.z,0.35019928216934204
17847.872,posCtl.targetZ,0.5003403425216675
17847.872,range.zrange,520.0
17847.872,range.zslope,0.004098358286460628
17847.872,range.zoffset,0
17957.457,stateEstimate.z,0.5186269879341125
17957.457,stateEstimate.vz,-0.008322352543473244
17957.457,gyro.z,-1.446921467781067
17957.457,posCtl.targetZ,0.5003403425216675
17957.457,range.zrange,519.0
17957.457,range.zslope,0.0030191774621246997
17957.457,range.zoffset,0
18048.986,stateEstimate.z,0.5198522210121155
18048.986,stateEstimate.vz,0.005102650262415409
18048.986,gyro.z,-0.23305480182170868
18048.986,posCtl.targetZ,0.5003403425216675
18048.986,range.zrange,521.0
18048.986,range.zslope,0.005298375340467388
18048.986,range.zoffset,0
18149.522,stateEstimate.z,0.5172873139381409
18149.522,stateEstimate.vz,-0.007805044297128916
18149.522,gyro.z,-0.462664932012558
18149.522,posCtl.targetZ,0.5003403425216675
18149.522,range.zrange,516.0
18149.522,range.zslope,-0.003610518001418182
18149.522,range.zoffset,0
18267.395,stateEstimate.z,0.5152486562728882
18267.395,stateEstimate.vz,-0.009141052141785622
18267.395,gyro.z,-0.6738325953483582
18267.395,posCtl.targetZ,0.5003403425216675
18267.395,range.zrange,515.0
18267.395,range.zslope,-0.012726451380092735
18267.395,range.zoffset,0
18367.675,stateEstimate.z,0.51314777135849
18367.675,stateEstimate.vz,-0.010807412676513195
18367.675,gyro.z,0.279293417930603
18367.675,posCtl.targetZ,0.5003403425216675
18367.675,range.zrange,513.0
18367.675,range.zslope,-0.017445659624555788
18367.675,range.zoffset,0
18411.785,stateEstimate.z,0.5088782906532288
18411.785,stateEstimate.vz,-0.007989163510501385
18411.785,gyro.z,0.11481651663780212
18411.785,posCtl.targetZ,0.5003403425216675
18411.785,range.zrange,505.0
18411.785,range.zslope,-0.034841562480407026
18411.785,range.zoffset,0
18568.797,stateEstimate.z,0.5105021595954895
18568.797,stateEstimate.vz,0.013793808408081532
18568.797,gyro.z,0.8964602947235107
18568.797,posCtl.targetZ,0.5003403425216675
18568.797,range.zrange,510.0
18568.797,range.zslope,-0.019188534370862712
18568.797,range.zoffset,0
18704.461,stateEstimate.z,0.5109964609146118
18704.461,stateEstimate.vz,0.022335700690746307
18704.461,gyro.z,0.3060716688632965
18704.461,posCtl.targetZ,0.5003403425216675
18704.461,range.zrange,510.0
18704.461,range.zslope,-0.008462857901741777
18704.461,range.zoffset,0
18825.843,stateEstimate.z,0.5119926929473877
18825.843,stateEstimate.vz,0.01862112060189247
18825.843,gyro.z,1.2997300624847412
18825.843,posCtl.targetZ,0.5003403425216675
18825.843,range.zrange,509.0
18825.843,range.zslope,-0.0003656488546213295
18825.843,range.zoffset,0
18921.915,stateEstimate.z,0.5131314992904663
18921.915,stateEstimate.vz,0.00863591767847538
18921.915,gyro.z,-0.547315776348114
18921.915,posCtl.targetZ,0.5003403425216675
18921.915,range.zrange,512.0
18921.915,range.zslope,0.010367742000633114
18921.915,range.zoffset,0
19047.913,stateEstimate.z,0.5129506587982178
19047.913,stateEstimate.vz,0.0051621864549815655
19047.913,gyro.z,0.9164484739303589
19047.913,posCtl.targetZ,0.5003403425216675
19047.913,range.zrange,514.0
19047.913,range.zslope,0.008228789965389206
19047.913,range.zoffset,0
19108.395,stateEstimate.z,0.5124418139457703
19108.395,stateEstimate.vz,-0.000927132845390588
19108.395,gyro.z,-0.8362046480178833
19108.395,posCtl.targetZ,0.5003403425216675
19108.395,range.zrange,510.0
19108.395,range.zslope,0.0056091598612771024
19108.395,range.zoffset,0
19193.587,stateEstimate.z,0.5070797801017761
19193.587,stateEstimate.vz,-0.015467027202248573
19193.587,gyro.z,1.1866531372070312
19193.587,posCtl.targetZ,0.5003403425216675
19193.587,range.zrange,507.0
19193.587,range.zslope,-0.004767256960313708
19193.587,range.zoffset,0
19305.237,stateEstimate.z,0.4954304099082947
19305.237,stateEstimate.vz,-0.04812151938676834
19305.237,gyro.z,0.1369018405675888
19305.237,posCtl.targetZ,0.5003403425216675
19305.237,range.zrange,491.0
19305.237,range.zslope,-0.05342869645898637
19305.237,range.zoffset,-0.15
19400.642,stateEstimate.z,0.49342501163482666
19400.642,stateEstimate.vz,-0.004885572474449873
19400.642,gyro.z,0.46606212854385376
19400.642,posCtl.targetZ,0.5003403425216675
19400.642,range.zrange,494.0
19400.642,range.zslope,-0.0658736667021245
19400.642,range.zoffset,-0.15
19510.681,stateEstimate.z,0.49929749965667725
19510.681,stateEstimate.vz,0.051571376621723175
19510.681,gyro.z,-0.20968760550022125
19510.681,posCtl.targetZ,0.5003403425216675
19510.681,range.zrange,499.0
19510.681,range.zslope,-0.034399666124707094
19510.681,range.zoffset,-0.15
19569.023,stateEstimate.z,0.5109549760818481
19569.023,stateEstimate.vz,0.05053525045514107
19569.023,gyro.z,-2.602443218231201
19569.023,posCtl.targetZ,0.3503403663635254
19569.023,range.zrange,513.0
19569.023,range.zslope,0.016328223426409626
19569.023,range.zoffset,-0.15
19698.671,stateEstimate.z,0.5120964050292969
19698.671,stateEstimate.vz,-0.09034568071365356
19698.671,gyro.z,-3.065214157104492
19698.671,posCtl.targetZ,0.3503403663635254
19698.671,range.zrange,514.0
19698.671,range.zslope,0.06570510138898249
19698.671,range.zoffset,-0.15
19784.07,stateEstimate.z,0.49997618794441223
19784.07,stateEstimate.vz,-0.2200758159160614
19784.07,gyro.z,-0.8370185494422913
19784.07,posCtl.targetZ,0.3503403663635254
19784.07,range.zrange,508.0
19784.07,range.zslope,0.042851155896464745
19784.07,range.zoffset,-0.15
19878.433,stateEstimate.z,0.4772493243217468
19878.433,stateEstimate.vz,-0.29491448402404785
19878.433,gyro.z,0.6249159574508667
19878.433,posCtl.targetZ,0.3503403663635254
19878.433,range.zrange,489.0
19878.433,range.zslope,-0.027961377339952288
19878.433,range.zoffset,-0.15
19952.148,stateEstimate.z,0.4470152258872986
19952.148,stateEstimate.vz,-0.30322179198265076
19952.148,gyro.z,4.395261287689209
19952.148,posCtl.targetZ,0.3503403663635254
19952.148,range.zrange,446.0
19952.148,range.zslope,-0.158548796908789
19952.148,range.zoffset,-0.15
20099.189,stateEstimate.z,0.4192861020565033
20099.189,stateEstimate.vz,-0.25421908497810364
20099.189,gyro.z,4.954382419586182
20099.189,posCtl.targetZ,0.3503403663635254
20099.189,range.zrange,420.0
20099.189,range.zslope,-0.25615281409530105
20099.189,range.zoffset,-0.15
20147.718,stateEstimate.z,0.3947571814060211
20147.718,stateEstimate.vz,-0.20114122331142426
20147.718,gyro.z,6.167924404144287
20147.718,posCtl.targetZ,0.3503403663635254
20147.718,range.zrange,399.0
20147.718,range.zslope,-0.2977566592053382
20147.718,range.zoffset,-0.15
20232.395,stateEstimate.z,0.3737386465072632
20232.395,stateEstimate.vz,-0.1510872095823288
20232.395,gyro.z,4.034878253936768
20232.395,posCtl.targetZ,0.3503403663635254
20232.395,range.zrange,379.0
20232.395,range.zslope,-0.29100877806082365
20232.395,range.zoffset,-0.15
20356.946,stateEstimate.z,0.3594568073749542
20356.946,stateEstimate.vz,-0.08599012345075607
20356.946,gyro.z,1.3789249658584595
20356.946,posCtl.targetZ,0.3503403663635254
20356.946,range.zrange,360.0
20356.946,range.zslope,-0.22134314206349825
20356.946,range.zoffset,-0.15
20460.229,stateEstimate.z,0.3513897955417633
20460.229,stateEstimate.vz,-0.04355289414525032
20460.229,gyro.z,-1.4269553422927856
20460.229,posCtl.targetZ,0.3503403663635254
20460.229,range.zrange,352.0
20460.229,range.zslope,-0.1812104817626734
20460.229,range.zoffset,-0.15
20582.519,stateEstimate.z,0.3483993113040924
20582.519,stateEstimate.vz,-0.019500384107232094
20582.519,gyro.z,-1.741640567779541
20582.519,posCtl.targetZ,0.3503403663635254
20582.519,range.zrange,350.0
20582.519,range.zslope,-0.11229336791111837
20582.519,range.zoffset,-0.15
20697.899,stateEstimate.z,0.34240639209747314
20697.899,stateEstimate.vz,-0.02244613505899906
20697.899,gyro.z,-2.6039953231811523
20697.899,posCtl.targetZ,0.3503403663635254
20697.899,range.zrange,345.0
20697.899,range.zslope,-0.06750806622004676
20697.899,range.zoffset,-0.15
20826.997,stateEstimate.z,0.34460094571113586
20826.997,stateEstimate.vz,0.00974020455032587
20826.997,gyro.z,-2.8046844005584717
20826.997,posCtl.targetZ,0.3503403663635254
20826.997,range.zrange,347.0
20826.997,range.zslope,-0.027505253814441202
20826.997,range.zoffset,-0.15
20916.735,stateEstimate.z,0.34741586446762085
20916.735,stateEstimate.vz,0.01497691497206688
20916.735,gyro.z,-4.820377826690674
20916.735,posCtl.targetZ,0.3503403663635254
20916.735,range.zrange,350.0
20916.735,range.zslope,-0.0064665003200670085
20916.735,range.zoffset,-0.15
21047.541,stateEstimate.z,0.3523555397987366
21047.541,stateEstimate.vz,0.02043011039495468
21047.541,gyro.z,-2.369719982147217
21047.541,posCtl.targetZ,0.3503403663635254
21047.541,range.zrange,353.0
21047.541,range.zslope,0.009399645038311914
21047.541,range.zoffset,-0.15
21147.34,stateEstimate.z,0.3509965240955353
21147.34,stateEstimate.vz,-0.010915426537394524
21147.34,gyro.z,-3.626451253890991
21147.34,posCtl.targetZ,0.3503403663635254
21147.34,range.zrange,350.0
21147.34,range.zslope,0.014391749479421992
21147.34,range.zoffset,-0.15
21238.214,stateEstimate.z,0.3473959267139435
21238.214,stateEstimate.vz,-0.03239719942212105
21238.214,gyro.z,-0.18424279987812042
21238.214,posCtl.targetZ,0.3503403663635254
21238.214,range.zrange,346.0
21238.214,range.zslope,-0.0013452759063543394
21238.214,range.zoffset,-0.15
21322.411,stateEstimate.z,0.3471015393733978
21322.411,stateEstimate.vz,-0.011719406582415104
21322.411,gyro.z,-0.5855441689491272
21322.411,posCtl.targetZ,0.3503403663635254
21322.411,range.zrange,348.0
21322.411,range.zslope,-0.010390808624919203
21322.411,range.zoffset,-0.15
21441.357,stateEstimate.z,0.34707292914390564
21441.357,stateEstimate.vz,-0.001779917161911726
21441.357,gyro.z,0.6592297554016113
21441.357,posCtl.targetZ,0.3503403663635254
21441.357,range.zrange,348.0
21441.357,range.zslope,-0.012272586387374215
21441.357,range.zoffset,-0.15
21516.113,stateEstimate.z,0.34890976548194885
21516.113,stateEstimate.vz,0.006124166306108236
21516.113,gyro.z,-1.4770816564559937
21516.113,posCtl.targetZ,0.3503403663635254
21516.113,range.zrange,349.0
21516.113,range.zslope,1.4385781063214096e-05
21516.113,range.zoffset,-0.15
21595.995,stateEstimate.z,0.34978726506233215
21595.995,stateEstimate.vz,0.0012995697325095534
21595.995,gyro.z,0.0009903423488140106
21595.995,posCtl.targetZ,0.3503403663635254
21595.995,range.zrange,349.0
21595.995,range.zslope,0.007640556588518054
21595.995,range.zoffset,-0.15
21706.738,stateEstimate.z,0.3482791781425476
21706.738,stateEstimate.vz,-0.009909437038004398
21706.738,gyro.z,-0.31407904624938965
21706.738,posCtl.targetZ,0.3503403663635254
21706.738,range.zrange,347.0
21706.738,range.zslope,-0.0012950779890487593
21706.738,range.zoffset,-0.15
21780.777,stateEstimate.z,0.3464464545249939
21780.777,stateEstimate.vz,-0.008064585737884045
21780.777,gyro.z,1.1019397974014282
21780.777,posCtl.targetZ,0.3503403663635254
21780.777,range.zrange,348.0
21780.777,range.zslope,-0.002670234508546127
21780.777,range.zoffset,-0.15
21872.004,stateEstimate.z,0.3460801839828491
21872.004,stateEstimate.vz,-0.014502081088721752
21872.004,gyro.z,1.2839469909667969
21872.004,posCtl.targetZ,0.3503403663635254
21872.004,range.zrange,344.0
21872.004,range.zslope,-0.012398826304206183
21872.004,range.zoffset,-0.15
21971.72,stateEstimate.z,0.34697937965393066
21971.72,stateEstimate.vz,-0.000335260177962482
21971.72,gyro.z,0.7698680758476257
21971.72,posCtl.targetZ,0.3503403663635254
21971.72,range.zrange,348.0
21971.72,range.zslope,-0.005420862812710001
21971.72,range.zoffset,-0.15
22073.346,stateEstimate.z,0.34712809324264526
22073.346,stateEstimate.vz,0.007523699197918177
22073.346,gyro.z,0.8395065665245056
22073.346,posCtl.targetZ,0.3503403663635254
22073.346,range.zrange,348.0
22073.346,range.zslope,0.00244786828183196
22073.346,range.zoffset,-0.15
22136.933,stateEstimate.z,0.34878045320510864
22136.933,stateEstimate.vz,0.00899400282651186
22136.933,gyro.z,1.622177243232727
22136.933,posCtl.targetZ,0.3503403663635254
22136.933,range.zrange,349.0
22136.933,range.zslope,0.0065519069943481886
22136.933,range.zoffset,-0.15
22262.159,stateEstimate.z,0.34895217418670654
22262.159,stateEstimate.vz,0.0020904880948364735
22262.159,gyro.z,-0.1522361934185028
22262.159,posCtl.targetZ,0.3503403663635254
22262.159,range.zrange,350.0
22262.159,range.zslope,0.013731100299750438
22262.159,range.zoffset,-0.15
22343.326,stateEstimate.z,0.3516397774219513
22343.326,stateEstimate.vz,0.009905727580189705
22343.326,gyro.z,0.8049020171165466
22343.326,posCtl.targetZ,0.3503403663635254
22343.326,range.zrange,353.0
22343.326,range.zslope,0.012775503945851816
22343.326,range.zoffset,-0.15
22458.53,stateEstimate.z,0.3513529598712921
22458.53,stateEstimate.vz,-0.003820967860519886
22458.53,gyro.z,-0.44416019320487976
22458.53,posCtl.targetZ,0.3503403663635254
22458.53,range.zrange,350.0
22458.53,range.zslope,0.00775713064828894
22458.53,range.zoffset,-0.15
22605.328,stateEstimate.z,0.34944719076156616
22605.328,stateEstimate.vz,-0.01673590950667858
22605.328,gyro.z,0.7931758165359497
22605.328,posCtl.targetZ,0.3503403663635254
22605.328,range.zrange,346.0
22605.328,range.zslope,-0.006222256603316856
22605.328,range.zoffset,-0.15
22715.707,stateEstimate.z,0.3453228175640106
22715.707,stateEstimate.vz,-0.02696838788688183
22715.707,gyro.z,1.282073736190796
22715.707,posCtl.targetZ,0.3503403663635254
22715.707,range.zrange,342.0
22715.707,range.zslope,-0.020490417281509708
22715.707,range.zoffset,-0.15
22846.429,stateEstimate.z,0.34052252769470215
22846.429,stateEstimate.vz,-0.02919704094529152
22846.429,gyro.z,1.8136069774627686
22846.429,posCtl.targetZ,0.3503403663635254
22846.429,range.zrange,342.0
22846.429,range.zslope,-0.023726712634321894
22846.429,range.zoffset,-0.15
22946.412,stateEstimate.z,0.3390328586101532
22946.412,stateEstimate.vz,-0.003784735919907689
22946.412,gyro.z,1.7648855447769165
22946.412,posCtl.targetZ,0.3503403663635254
22946.412,range.zrange,338.0
22946.412,range.zslope,-0.02295611395146559
22946.412,range.zoffset,-0.15
23056.636,stateEstimate.z,0.34273308515548706
23056.636,stateEstimate.vz,0.028137721121311188
23056.636,gyro.z,-0.9397251009941101
23056.636,posCtl.targetZ,0.3503403663635254
23056.636,range.zrange,345.0
23056.636,range.zslope,-0.0054160875174330825
23056.636,range.zoffset,-0.15
23147.921,stateEstimate.z,0.3447283208370209
23147.921,stateEstimate.vz,0.02261454053223133
23147.921,gyro.z,0.04652583599090576
23147.921,posCtl.targetZ,0.3503403663635254
23147.921,range.zrange,341.0
23147.921,range.zslope,0.0010489734374282257
23147.921,range.zoffset,-0.15
23221.774,stateEstimate.z,0.3487597107887268
23221.774,stateEstimate.vz,0.020323090255260468
23221.774,gyro.z,-0.8760524988174438
23221.774,posCtl.targetZ,0.3503403663635254
23221.774,range.zrange,349.0
23221.774,range.zslope,0.017225392795181725
23221.774,range.zoffset,-0.15
23326.999,stateEstimate.z,0.3517223298549652
23326.999,stateEstimate.vz,0.012346061877906322
23326.999,gyro.z,1.5845245122909546
23326.999,posCtl.targetZ,0.3503403663635254
23326.999,range.zrange,353.0
23326.999,range.zslope,0.036526790575826855
23326.999,range.zoffset,-0.15
23447.392,stateEstimate.z,0.35045692324638367
23447.392,stateEstimate.vz,-0.011673899367451668
23447.392,gyro.z,-0.209757000207901
23447.392,posCtl.targetZ,0.3503403663635254
23447.392,range.zrange,348.0
23447.392,range.zslope,0.01733077398647192
23447.392,range.zoffset,-0.15
23527.025,stateEstimate.z,0.3495006263256073
23527.025,stateEstimate.vz,-0.01645796000957489
23527.025,gyro.z,0.8063065409660339
23527.025,posCtl.targetZ,0.3503403663635254
23527.025,range.zrange,347.0
23527.025,range.zslope,0.0098859074716457
23527.025,range.zoffset,-0.15
23616.774,stateEstimate.z,0.34574881196022034
23616.774,stateEstimate.vz,-0.024683715775609016
23616.774,gyro.z,0.9742184281349182
23616.774,posCtl.targetZ,0.3503403663635254
23616.774,range.zrange,347.0
23616.774,range.zslope,-0.010137205420641579
23616.774,range.zoffset,-0.15
23747.551,stateEstimate.z,0.34694528579711914
23747.551,stateEstimate.vz,0.0029132298659533262
23747.551,gyro.z,0.4687899947166443
23747.551,posCtl.targetZ,0.3503403663635254
23747.551,range.zrange,347.0
23747.551,range.zslope,-0.012859885461829848
23747.551,range.zoffset,-0.15
23883.77,stateEstimate.z,0.3505154848098755
23883.77,stateEstimate.vz,0.008779071271419525
23883.77,gyro.z,1.3892699480056763
23883.77,posCtl.targetZ,0.3503403663635254
23883.77,range.zrange,351.0
23883.77,range.zslope,0.0062656282145604906
23883.77,range.zoffset,-0.15
23999.507,stateEstimate.z,0.35304930806159973
23999.507,stateEstimate.vz,0.008639472536742687
23999.507,gyro.z,-0.39142167568206787
23999.507,posCtl.targetZ,0.3503403663635254
23999.507,range.zrange,354.0
23999.507,range.zslope,0.01510136617933837
23999.507,range.zoffset,-0.15
24099.302,stateEstimate.z,0.35666385293006897
24099.302,stateEstimate.vz,0.012224530801177025
24099.302,gyro.z,-1.1064598560333252
24099.302,posCtl.targetZ,0.3503403663635254
24099.302,range.zrange,359.0
24099.302,range.zslope,0.02507457691355173
24099.302,range.zoffset,-0.15
24173.615,stateEstimate.z,0.35398998856544495
24173.615,stateEstimate.vz,-0.02376137301325798
24173.615,gyro.z,1.8605507612228394
24173.615,posCtl.targetZ,0.3503403663635254
24173.615,range.zrange,353.0
24173.615,range.zslope,0.020133615506247485
24173.615,range.zoffset,-0.15
24280.076,stateEstimate.z,0.3521863520145416
24280.076,stateEstimate.vz,-0.026541758328676224
24280.076,gyro.z,3.0924670696258545
24280.076,posCtl.targetZ,0.3503403663635254
24280.076,range.zrange,353.0
24280.076,range.zslope,0.0041699145376374305
24280.076,range.zoffset,-0.15
24359.026,stateEstimate.z,0.353651762008667
24359.026,stateEstimate.vz,-0.0031031398102641106
24359.026,gyro.z,2.2950258255004883
24359.026,posCtl.targetZ,0.3503403663635254
24359.026,range.zrange,356.0
24359.026,range.zslope,-0.0018560519464219465
24359.026,range.zoffset,-0.15
24471.826,stateEstimate.z,0.35483917593955994
24471.826,stateEstimate.vz,1.3223454686794867e-07
24471.826,gyro.z,4.040756702423096
24471.826,posCtl.targetZ,0.3503403663635254
24471.826,range.zrange,353.0
24471.826,range.zslope,-0.009407016205440759
24471.826,range.zoffset,-0.15
24563.769,stateEstimate.z,0.355745792388916
24563.769,stateEstimate.vz,0.003466135123744607
24563.769,gyro.z,2.554060697555542
24563.769,posCtl.targetZ,0.3503403663635254
24563.769,range.zrange,357.0
24563.769,range.zslope,0.007862828759502517
24563.769,range.zoffset,-0.15
24648.972,stateEstimate.z,0.35541191697120667
24648.972,stateEstimate.vz,-0.009388708509504795
24648.972,gyro.z,2.188021421432495
24648.972,posCtl.targetZ,0.3503403663635254
24648.972,range.zrange,356.0
24648.972,range.zslope,0.00709216557387189
24648.972,range.zoffset,-0.15
24743.672,stateEstimate.z,0.3587653636932373
24743.672,stateEstimate.vz,-0.0036616544239223003
24743.672,gyro.z,2.121152400970459
24743.672,posCtl.targetZ,0.3503403663635254
24743.672,range.zrange,360.0
24743.672,range.zslope,0.01122595817595813
24743.672,range.zoffset,-0.15
24870.328,stateEstimate.z,0.357636034488678
24870.328,stateEstimate.vz,-0.009328324347734451
24870.328,gyro.z,1.6572973728179932
24870.328,posCtl.targetZ,0.3503403663635254
24870.328,range.zrange,359.0
24870.328,range.zslope,0.014947380436439
24870.328,range.zoffset,-0.15
24934.67,stateEstimate.z,0.35666510462760925
24934.67,stateEstimate.vz,-0.022282112389802933
24934.67,gyro.z,0.05816633626818657
24934.67,posCtl.targetZ,0.3503403663635254
24934.67,range.zrange,359.0
24934.67,range.zslope,0.0072562504470369705
24934.67,range.zoffset,-0.15
25034.549,stateEstimate.z,0.35583066940307617
25034.549,stateEstimate.vz,-0.017805956304073334
25034.549,gyro.z,-1.3605566024780273
25034.549,posCtl.targetZ,0.3503403663635254
25034.549,range.zrange,360.0
25034.549,range.zslope,0.007264514955885691
25034.549,range.zoffset,-0.15
25134.697,stateEstimate.z,0.35125046968460083
25134.697,stateEstimate.vz,-0.036405619233846664
25134.697,gyro.z,-2.3049774169921875
25134.697,posCtl.targetZ,0.3503403663635254
25134.697,range.zrange,349.0
25134.697,range.zslope,-0.02239323998015586
25134.697,range.zoffset,-0.15
25181.951,stateEstimate.z,0.3404500186443329
25181.951,stateEstimate.vz,-0.07067209482192993
25181.951,gyro.z,-1.389487862586975
25181.951,posCtl.targetZ,0.3503403663635254
25181.951,range.zrange,334.0
25181.951,range.zslope,-0.0699098574512928
25181.951,range.zoffset,-0.15
25283.932,stateEstimate.z,0.3260989487171173
25283.932,stateEstimate.vz,-0.0857011005282402
25283.932,gyro.z,-1.4122973680496216
25283.932,posCtl.targetZ,0.3503403663635254
25283.932,range.zrange,324.0
25283.932,range.zslope,-0.10961623747365615
25283.932,range.zoffset,-0.15
25369.377,stateEstimate.z,0.31208536028862
25369.377,stateEstimate.vz,-0.06252060830593109
25369.377,gyro.z,0.2837885916233063
25369.377,posCtl.targetZ,0.3503403663635254
25369.377,range.zrange,309.0
25369.377,range.zslope,-0.15304930553511245
25369.377,range.zoffset,-0.15
25497.557,stateEstimate.z,0.3057882785797119
25497.557,stateEstimate.vz,0.00416989391669631
25497.557,gyro.z,-0.12416765838861465
25497.557,posCtl.targetZ,0.3503403663635254
25497.557,range.zrange,306.0
25497.557,range.zslope,-0.11622767817853603
25497.557,range.zoffset,-0.15
25577.088,stateEstimate.z,0.30982255935668945
25577.088,stateEstimate.vz,0.06846421211957932
25577.088,gyro.z,-1.0692583322525024
25577.088,posCtl.targetZ,0.3503403663635254
25577.088,range.zrange,311.0
25577.088,range.zslope,-0.06351211497519449
25577.088,range.zoffset,-0.15
25710.634,stateEstimate.z,0.3159221112728119
25710.634,stateEstimate.vz,0.08264625072479248
25710.634,gyro.z,-2.797560930252075
25710.634,posCtl.targetZ,0.3503403663635254
25710.634,range.zrange,312.0
25710.634,range.zslope,-0.019758524757264122
25710.634,range.zoffset,-0.15
25795.811,stateEstimate.z,0.32260146737098694
25795.811,stateEstimate.vz,0.0757908970117569
25795.811,gyro.z,-4.592285633087158
25795.811,posCtl.targetZ,0.3503403663635254
25795.811,range.zrange,321.0
25795.811,range.zslope,0.026963215342435357
25795.811,range.zoffset,-0.15
25891.7,stateEstimate.z,0.32785913348197937
25891.7,stateEstimate.vz,0.054163962602615356
25891.7,gyro.z,-2.0209102630615234
25891.7,posCtl.targetZ,0.3503403663635254
25891.7,range.zrange,328.0
25891.7,range.zslope,0.05260644818979769
25891.7,range.zoffset,-0.15
25950.267,stateEstimate.z,0.32862016558647156
25950.267,stateEstimate.vz,0.028743918985128403
25950.267,gyro.z,-1.0643113851547241
25950.267,posCtl.targetZ,0.3503403663635254
25950.267,range.zrange,324.0
25950.267,range.zslope,0.04558520550531221
25950.267,range.zoffset,-0.15
26067.049,stateEstimate.z,0.32868921756744385
26067.049,stateEstimate.vz,0.016588443890213966
26067.049,gyro.z,-0.315310537815094
26067.049,posCtl.targetZ,0.3503403663635254
26067.049,range.zrange,325.0
26067.049,range.zslope,0.03364359493324369
26067.049,range.zoffset,-0.15
26151.958,stateEstimate.z,0.333570271730423
26151.958,stateEstimate.vz,0.036936257034540176
26151.958,gyro.z,-2.959073781967163
26151.958,posCtl.targetZ,0.3503403663635254
26151.958,range.zrange,334.0
26151.958,range.zslope,0.026577339856602263
26151.958,range.zoffset,-0.15
26268.053,stateEstimate.z,0.33961400389671326
26268.053,stateEstimate.vz,0.05360107123851776
26268.053,gyro.z,-2.8258118629455566
26268.053,posCtl.targetZ,0.3503403663635254
26268.053,range.zrange,342.0
26268.053,range.zslope,0.04138293672427299
26268.053,range.zoffset,-0.15
26380.739,stateEstimate.z,0.3447074890136719
26380.739,stateEstimate.vz,0.04685331508517265
26380.739,gyro.z,-1.6175373792648315
26380.739,posCtl.targetZ,0.3503403663635254
26380.739,range.zrange,344.0
26380.739,range.zslope,0.05316643928160476
26380.739,range.zoffset,-0.15
26456.901,stateEstimate.z,0.3462027907371521
26456.901,stateEstimate.vz,0.023906603455543518
26456.901,gyro.z,-2.981732130050659
26456.901,posCtl.targetZ,0.3503403663635254
26456.901,range.zrange,345.0
26456.901,range.zslope,0.049665232042607046
26456.901,range.zoffset,-0.15
26542.663,stateEstimate.z,0.34634315967559814
26542.663,stateEstimate.vz,0.00422929460182786
26542.663,gyro.z,-1.233823299407959
26542.663,posCtl.targetZ,0.3503403663635254
26542.663,range.zrange,347.0
26542.663,range.zslope,0.030653854858698933
26542.663,range.zoffset,-0.15
26638.12,stateEstimate.z,0.3484894335269928
26638.12,stateEstimate.vz,0.01813671365380287
26638.12,gyro.z,-1.3574219942092896
26638.12,posCtl.targetZ,0.3503403663635254
26638.12,range.zrange,350.0
26638.12,range.zslope,0.021052728777946787
26638.12,range.zoffset,-0.15
26724.527,stateEstimate.z,0.3490059971809387
26724.527,stateEstimate.vz,0.012031820602715015
26724.527,gyro.z,-2.6130189895629883
26724.527,posCtl.targetZ,0.3503403663635254
26724.527,range.zrange,345.0
26724.527,range.zslope,0.007986290039677518
26724.527,range.zoffset,-0.15
26866.537,stateEstimate.z,0.34934741258621216
26866.537,stateEstimate.vz,0.004398824647068977
26866.537,gyro.z,-2.24599289894104
26866.537,posCtl.targetZ,0.3503403663635254
26866.537,range.zrange,348.0
26866.537,range.zslope,0.004126688506270866
26866.537,range.zoffset,-0.15
26973.401,stateEstimate.z,0.3493807017803192
26973.401,stateEstimate.vz,0.000578110630158335
26973.401,gyro.z,-1.7734638452529907
26973.401,posCtl.targetZ,0.3503403663635254
26973.401,range.zrange,350.0
26973.401,range.zslope,0.004236060056713854
26973.401,range.zoffset,-0.15
27049.169,stateEstimate.z,0.3465453088283539
27049.169,stateEstimate.vz,-0.007259904872626066
27049.169,gyro.z,2.8141422271728516
27049.169,posCtl.targetZ,0.3503403663635254
27049.169,range.zrange,344.0
27049.169,range.zslope,-0.005147961694047169
27049.169,range.zoffset,-0.15
27139.684,stateEstimate.z,0.3480274975299835
27139.684,stateEstimate.vz,0.015594645403325558
27139.684,gyro.z,1.317590355873108
27139.684,posCtl.targetZ,0.3503403663635254
27139.684,range.zrange,349.0
27139.684,range.zslope,0.00498140522337288
27139.684,range.zoffset,-0.15
27287.481,stateEstimate.z,0.3504125773906708
27287.481,stateEstimate.vz,0.026779457926750183
27287.481,gyro.z,0.8460587859153748
27287.481,posCtl.targetZ,0.3503403663635254
27287.481,range.zrange,350.0
27287.481,range.zslope,0.003894870486702532
27287.481,range.zoffset,-0.15
27377.059,stateEstimate.z,0.3525574505329132
27377.059,stateEstimate.vz,0.016856364905834198
27377.059,gyro.z,0.2693178355693817
27377.059,posCtl.targetZ,0.3503403663635254
27377.059,range.zrange,351.0
27377.059,range.zslope,0.008438972266054038
27377.059,range.zoffset,-0.15
27473.232,stateEstimate.z,0.35240355134010315
27473.232,stateEstimate.vz,0.004285142756998539
27473.232,gyro.z,0.44254904985427856
27473.232,posCtl.targetZ,0.3503403663635254
27473.232,range.zrange,353.0
27473.232,range.zslope,0.01817905928236866
27473.232,range.zoffset,-0.15
27569.325,stateEstimate.z,0.3531166613101959
27569.325,stateEstimate.vz,0.0015253133606165648
27569.325,gyro.z,-1.3981908559799194
27569.325,posCtl.targetZ,0.3503403663635254
27569.325,range.zrange,353.0
27569.325,range.zslope,0.010417171117986384
27569.325,range.zoffset,-0.15
27664.066,stateEstimate.z,0.3487861454486847
27664.066,stateEstimate.vz,-0.02543177455663681
27664.066,gyro.z,0.3936609625816345
27664.066,posCtl.targetZ,0.3503403663635254
27664.066,range.zrange,349.0
27664.066,range.zslope,-5.292667526749164e-05
27664.066,range.zoffset,-0.15
27738.143,stateEstimate.z,0.35152366757392883
27738.143,stateEstimate.vz,0.003528671571984887
27738.143,gyro.z,0.8888819217681885
27738.143,posCtl.targetZ,0.3503403663635254
27738.143,range.zrange,353.0
27738.143,range.zslope,-0.00028954269169951933
27738.143,range.zoffset,-0.15
27852.872,stateEstimate.z,0.35096994042396545
27852.872,stateEstimate.vz,-0.002013908699154854
27852.872,gyro.z,1.3240898847579956
27852.872,posCtl.targetZ,0.3503403663635254
27852.872,range.zrange,351.0
27852.872,range.zslope,-0.004684288269002645
27852.872,range.zoffset,-0.15
27948.049,stateEstimate.z,0.34833958745002747
27948.049,stateEstimate.vz,-0.02385753020644188
27948.049,gyro.z,5.032646656036377
27948.049,posCtl.targetZ,0.3503403663635254
27948.049,range.zrange,347.0
27948.049,range.zslope,-0.011086755282523083
27948.049,range.zoffset,-0.15
28048.874,stateEstimate.z,0.3463342785835266
28048.874,stateEstimate.vz,-0.0230831578373909
28048.874,gyro.z,7.247361183166504
28048.874,posCtl.targetZ,0.3503403663635254
28048.874,range.zrange,344.0
28048.874,range.zslope,-0.01695231512868403
28048.874,range.zoffset,-0.15
28163.578,stateEstimate.z,0.34571772813796997
28163.578,stateEstimate.vz,-0.01196153275668621
28163.578,gyro.z,9.401321411132812
28163.578,posCtl.targetZ,0.3503403663635254
28163.578,range.zrange,347.0
28163.578,range.zslope,-0.01785032255534609
28163.578,range.zoffset,-0.15
28264.528,stateEstimate.z,0.3458363115787506
28264.528,stateEstimate.vz,-0.00035443558590486646
28264.528,gyro.z,0.387233704328537
28264.528,posCtl.targetZ,0.3503403663635254
28264.528,range.zrange,347.0
28264.528,range.zslope,-0.007319987206410227
28264.528,range.zoffset,-0.15
28360.808,stateEstimate.z,0.3428613245487213
28360.808,stateEstimate.vz,-0.012516360729932785
28360.808,gyro.z,-0.19184479117393494
28360.808,posCtl.targetZ,0.3503403663635254
28360.808,range.zrange,341.0
28360.808,range.zslope,-0.008267335894718272
28360.808,range.zoffset,-0.15
28475.086,stateEstimate.z,0.34389498829841614
28475.086,stateEstimate.vz,0.016630370169878006
28475.086,gyro.z,-3.323908567428589
28475.086,posCtl.targetZ,0.3503403663635254
28475.086,range.zrange,345.0
28475.086,range.zslope,-0.0033851024244811096
28475.086,range.zoffset,-0.15
28580.499,stateEstimate.z,0.34660011529922485
28580.499,stateEstimate.vz,0.027620337903499603
28580.499,gyro.z,-4.437152862548828
28580.499,posCtl.targetZ,0.3503403663635254
28580.499,range.zrange,347.0
28580.499,range.zslope,-0.0015006688647820482
28580.499,range.zoffset,-0.15
28670.468,stateEstimate.z,0.350592702627182
28670.468,stateEstimate.vz,0.02714545838534832
28670.468,gyro.z,0.1413951814174652
28670.468,posCtl.targetZ,0.3503403663635254
28670.468,range.zrange,351.0
28670.468,range.zslope,0.013587661125602453
28670.468,range.zoffset,-0.15
28745.019,stateEstimate.z,0.3511900305747986
28745.019,stateEstimate.vz,0.005973092745989561
28745.019,gyro.z,1.3075618743896484
28745.019,posCtl.targetZ,0.3503403663635254
28745.019,range.zrange,354.0
28745.019,range.zslope,0.0329576359992856
28745.019,range.zoffset,-0.15
28854.832,stateEstimate.z,0.3505856394767761
28854.832,stateEstimate.vz,-0.000513117469381541
28854.832,gyro.z,-2.308035135269165
28854.832,posCtl.targetZ,0.3503403663635254
28854.832,range.zrange,350.0
28854.832,range.zslope,0.01784801715606429
28854.832,range.zoffset,-0.15
28961.795,stateEstimate.z,0.35101935267448425
28961.795,stateEstimate.vz,0.0015558975283056498
28961.795,gyro.z,-3.34049391746521
28961.795,posCtl.targetZ,0.3503403663635254
28961.795,range.zrange,352.0
28961.795,range.zslope,0.008681117664395718
28961.795,range.zoffset,-0.15
29046.881,stateEstimate.z,0.34906017780303955
29046.881,stateEstimate.vz,-0.0006174141890369356
29046.881,gyro.z,-11.103067398071289
29046.881,posCtl.targetZ,0.3503403663635254
29046.881,range.zrange,348.0
29046.881,range.zslope,-0.0084628397171946
29046.881,range.zoffset,-0.15
29150.557,stateEstimate.z,0.34588542580604553
29150.557,stateEstimate.vz,-0.019054610282182693
29150.557,gyro.z,-6.155701160430908
29150.557,posCtl.targetZ,0.3503403663635254
29150.557,range.zrange,346.0
29150.557,range.zslope,-0.017779966327215735
29150.557,range.zoffset,-0.15
29271.183,stateEstimate.z,0.3459751307964325
29271.183,stateEstimate.vz,0.0023369435220956802
29271.183,gyro.z,1.2146682739257812
29271.183,posCtl.targetZ,0.3503403663635254
29271.183,range.zrange,345.0
29271.183,range.zslope,-0.01542884640581928
29271.183,range.zoffset,-0.15
29351.184,stateEstimate.z,0.35264602303504944
29351.184,stateEstimate.vz,0.04855530336499214
29351.184,gyro.z,-3.204183340072632
29351.184,posCtl.targetZ,0.3503403663635254
29351.184,range.zrange,353.0
29351.184,range.zslope,-0.001354672356925114
29351.184,range.zoffset,-0.15
29456.085,stateEstimate.z,0.35512882471084595
29456.085,stateEstimate.vz,0.029528865590691566
29456.085,gyro.z,0.9645183086395264
29456.085,posCtl.targetZ,0.3503403663635254
29456.085,range.zrange,353.0
29456.085,range.zslope,0.01579907813065683
29456.085,range.zoffset,-0.15
29561.68,stateEstimate.z,0.35753491520881653
29561.68,stateEstimate.vz,0.011625098064541817
29561.68,gyro.z,7.193319320678711
29561.68,posCtl.targetZ,0.3503403663635254
29561.68,range.zrange,359.0
29561.68,range.zslope,0.03312897109974864
29561.68,range.zoffset,-0.15
29668.72,stateEstimate.z,0.3544938564300537
29668.72,stateEstimate.vz,-0.02551260031759739
29668.72,gyro.z,5.267806053161621
29668.72,posCtl.targetZ,0.3503403663635254
29668.72,range.zrange,352.0
29668.72,range.zslope,0.018908245666242367
29668.72,range.zoffset,-0.15
29779.75,stateEstimate.z,0.35324960947036743
29779.75,stateEstimate.vz,-0.019058194011449814
29779.75,gyro.z,-0.9129287004470825
29779.75,posCtl.targetZ,0.3503403663635254
29779.75,range.zrange,353.0
29779.75,range.zslope,-0.0010140170049673877
29779.75,range.zoffset,-0.15
29891.411,stateEstimate.z,0.351809024810791
29891.411,stateEstimate.vz,-0.014789411798119545
29891.411,gyro.z,-0.6640145182609558
29891.411,posCtl.targetZ,0.3503403663635254
29891.411,range.zrange,353.0
29891.411,range.zslope,-0.00553591045757679
29891.411,range.zoffset,-0.15
29950.511,stateEstimate.z,0.3549272119998932
29950.511,stateEstimate.vz,0.029158586636185646
29950.511,gyro.z,-9.599846839904785
29950.511,posCtl.targetZ,0.3503403663635254
29950.511,range.zrange,358.0
29950.511,range.zslope,-0.0024757030117853844
29950.511,range.zoffset,-0.15
30056.787,stateEstimate.z,0.3615085482597351
30056.787,stateEstimate.vz,0.06704021990299225
30056.787,gyro.z,-16.803861618041992
30056.787,posCtl.targetZ,0.3503403663635254
30056.787,range.zrange,360.0
30056.787,range.zslope,0.021191457025078117
30056.787,range.zoffset,-0.15
30167.492,stateEstimate.z,0.36663874983787537
30167.492,stateEstimate.vz,0.054971158504486084
30167.492,gyro.z,-17.932435989379883
30167.492,posCtl.targetZ,0.3503403663635254
30167.492,range.zrange,369.0
30167.492,range.zslope,0.04135853588819801
30167.492,range.zoffset,-0.15
30314.084,stateEstimate.z,0.37152400612831116
30314.084,stateEstimate.vz,0.020086802542209625
30314.084,gyro.z,-13.674225807189941
30314.084,posCtl.targetZ,0.3503403663635254
30314.084,range.zrange,371.0
30314.084,range.zslope,0.04325435492957598
30314.084,range.zoffset,-0.15
30426.249,stateEstimate.z,0.36964964866638184
30426.249,stateEstimate.vz,-0.019162457436323166
30426.249,gyro.z,-8.111706733703613
30426.249,posCtl.targetZ,0.3503403663635254
30426.249,range.zrange,365.0
30426.249,range.zslope,0.020351496122975474
30426.249,range.zoffset,-0.15
30536.256,stateEstimate.z,0.3685920536518097
30536.256,stateEstimate.vz,-0.011840847320854664
30536.256,gyro.z,-1.1710536479949951
30536.256,posCtl.targetZ,0.3503403663635254
30536.256,range.zrange,372.0
30536.256,range.zslope,0.01629333235619605
30536.256,range.zoffset,-0.15
30647.425,stateEstimate.z,0.3676539361476898
30647.425,stateEstimate.vz,-0.011103498749434948
30647.425,gyro.z,7.946018695831299
30647.425,posCtl.targetZ,0.3503403663635254
30647.425,range.zrange,366.0
30647.425,range.zslope,-0.004091056373167823
30647.425,range.zoffset,-0.15
30746.679,stateEstimate.z,0.3689715564250946
30746.679,stateEstimate.vz,0.0002516607928555459
30746.679,gyro.z,13.063687324523926
30746.679,posCtl.targetZ,0.3503403663635254
30746.679,range.zrange,367.0
30746.679,range.zslope,-0.006496995234919665
30746.679,range.zoffset,-0.15
30842.507,stateEstimate.z,0.36495086550712585
30842.507,stateEstimate.vz,-0.025848688557744026
30842.507,gyro.z,18.898082733154297
30842.507,posCtl.targetZ,0.3503403663635254
30842.507,range.zrange,361.0
30842.507,range.zslope,-0.012070074512335804
30842.507,range.zoffset,-0.15
30937.797,stateEstimate.z,0.36250996589660645
30937.797,stateEstimate.vz,-0.03462605178356171
30937.797,gyro.z,14.908594131469727
30937.797,posCtl.targetZ,0.3503403663635254
30937.797,range.zrange,364.0
30937.797,range.zslope,-0.021295583671768287
30937.797,range.zoffset,-0.15
31042.77,stateEstimate.z,0.35568860173225403
31042.77,stateEstimate.vz,-0.04232935607433319
31042.77,gyro.z,14.111047744750977
31042.77,posCtl.targetZ,0.3503403663635254
31042.77,range.zrange,354.0
31042.77,range.zslope,-0.027720574180166466
31042.77,range.zoffset,-0.15
31148.349,stateEstimate.z,0.3530018627643585
31148.349,stateEstimate.vz,-0.01829385571181774
31148.349,gyro.z,10.081807136535645
31148.349,posCtl.targetZ,0.3503403663635254
31148.349,range.zrange,355.0
31148.349,range.zslope,-0.03097126176083733
31148.349,range.zoffset,-0.15
31269.481,stateEstimate.z,0.35483962297439575
31269.481,stateEstimate.vz,0.016690613701939583
31269.481,gyro.z,5.1651930809021
31269.481,posCtl.targetZ,0.3503403663635254
31269.481,range.zrange,357.0
31269.481,range.zslope,-0.015675109925778006
31269.481,range.zoffset,-0.15
31417.815,stateEstimate.z,0.3547203242778778
31417.815,stateEstimate.vz,0.008232812397181988
31417.815,gyro.z,-1.2803908586502075
31417.815,posCtl.targetZ,0.3503403663635254
31417.815,range.zrange,350.0
31417.815,range.zslope,-0.02095883880984803
31417.815,range.zoffset,-0.15
31546.242,stateEstimate.z,0.35270676016807556
31546.242,stateEstimate.vz,-0.01174899935722351
31546.242,gyro.z,-7.68062162399292
31546.242,posCtl.targetZ,0.3503403663635254
31546.242,range.zrange,353.0
31546.242,range.zslope,-0.005968908462314644
31546.242,range.zoffset,-0.15
31652.226,stateEstimate.z,0.3523422181606293
31652.226,stateEstimate.vz,-0.010177148506045341
31652.226,gyro.z,-8.236647605895996
31652.226,posCtl.targetZ,0.3503403663635254
31652.226,range.zrange,353.0
31652.226,range.zslope,-0.006644137468005679
31652.226,range.zoffset,-0.15
31762.584,stateEstimate.z,0.3535683751106262
31762.584,stateEstimate.vz,0.0073946272023022175
31762.584,gyro.z,-4.841732978820801
31762.584,posCtl.targetZ,0.3503403663635254
31762.584,range.zrange,355.0
31762.584,range.zslope,-0.0015983731391061044
31762.584,range.zoffset,-0.15
31883.252,stateEstimate.z,0.3496393859386444
31883.252,stateEstimate.vz,-0.0066519491374492645
31883.252,gyro.z,-3.53437876701355
31883.252,posCtl.targetZ,0.3503403663635254
31883.252,range.zrange,349.0
31883.252,range.zslope,6.33099583079225e-06
31883.252,range.zoffset,-0.15
31973.286,stateEstimate.z,0.34667617082595825
31973.286,stateEstimate.vz,-0.023486752063035965
31973.286,gyro.z,-1.1101793050765991
31973.286,posCtl.targetZ,0.3503403663635254
31973.286,range.zrange,347.0
31973.286,range.zslope,-0.014748968291211964
31973.286,range.zoffset,-0.15
32058.438,stateEstimate.z,0.3459766209125519
32058.438,stateEstimate.vz,-0.0014409887371584773
32058.438,gyro.z,-0.37688761949539185
32058.438,posCtl.targetZ,0.3503403663635254
32058.438,range.zrange,346.0
32058.438,range.zslope,-0.021544876843635763
32058.438,range.zoffset,-0.15
32159.589,stateEstimate.z,0.34893497824668884
32159.589,stateEstimate.vz,0.01707293838262558
32159.589,gyro.z,-6.172993183135986
32159.589,posCtl.targetZ,0.3503403663635254
32159.589,range.zrange,349.0
32159.589,range.zslope,-0.01605490961453043
32159.589,range.zoffset,-0.15
32260.279,stateEstimate.z,0.3480254113674164
32260.279,stateEstimate.vz,0.01098198164254427
32260.279,gyro.z,-6.604522705078125
32260.279,posCtl.targetZ,0.3503403663635254
32260.279,range.zrange,350.0
32260.279,range.zslope,0.004588089913386127
32260.279,range.zoffset,-0.15
32381.688,stateEstimate.z,0.3471625745296478
32381.688,stateEstimate.vz,0.00390944629907608
32381.688,gyro.z,-5.197722911834717
32381.688,posCtl.targetZ,0.3503403663635254
32381.688,range.zrange,345.0
32454.008,stateEstimate.z,0.34970715641975403
32454.008,stateEstimate.vz,0.015233675017952919
32454.008,gyro.z,-5.090625286102295
32454.008,posCtl.targetZ,0.3503403663635254
32454.008,range.zrange,349.0
32512.773,stateEstimate.z,0.3499242067337036
32512.773,stateEstimate.vz,0.009944073855876923
32512.773,gyro.z,-5.478447914123535
32512.773,posCtl.targetZ,0.3503403663635254
32512.773,range.zrange,348.0
32575.739,stateEstimate.z,0.3488832414150238
32575.739,stateEstimate.vz,0.006375080440193415
32575.739,gyro.z,-0.9040734171867371
32575.739,posCtl.targetZ,0.3503403663635254
32575.739,range.zrange,349.0
32643.813,stateEstimate.z,0.35129514336586
32643.813,stateEstimate.vz,0.023180769756436348
32643.813,gyro.z,5.1053996086120605
32643.813,posCtl.targetZ,0.3503403663635254
32643.813,range.zrange,353.0
32712.703,stateEstimate.z,0.35312774777412415
32712.703,stateEstimate.vz,0.018133962526917458
32712.703,gyro.z,27.163095474243164
32712.703,posCtl.targetZ,0.3503403663635254
32712.703,range.zrange,351.0
32770.703,stateEstimate.z,0.3558805286884308
32770.703,stateEstimate.vz,0.01623152568936348
32770.703,gyro.z,53.01012420654297
32770.703,posCtl.targetZ,0.3503403663635254
32770.703,range.zrange,358.0
32850.747,stateEstimate.z,0.3551165461540222
32850.747,stateEstimate.vz,-0.003970475401729345
32850.747,gyro.z,68.34870910644531
32850.747,posCtl.targetZ,0.3503403663635254
32850.747,range.zrange,352.0
32966.139,stateEstimate.z,0.34772929549217224
32966.139,stateEstimate.vz,-0.04001573845744133
32966.139,gyro.z,79.08572387695312
32966.139,posCtl.targetZ,0.3503403663635254
32966.139,range.zrange,344.0
33067.246,stateEstimate.z,0.34750932455062866
33067.246,stateEstimate.vz,-0.01021232083439827
33067.246,gyro.z,81.58558654785156
33067.246,posCtl.targetZ,0.3503403663635254
33067.246,range.zrange,348.0
33171.895,stateEstimate.z,0.35167190432548523
33171.895,stateEstimate.vz,0.029106836766004562
33171.895,gyro.z,73.97614288330078
33171.895,posCtl.targetZ,0.3503403663635254
33171.895,range.zrange,351.0
33297.284,stateEstimate.z,0.3532971441745758
33297.284,stateEstimate.vz,0.01844983920454979
33297.284,gyro.z,67.61988067626953
33297.284,posCtl.targetZ,0.3503403663635254
33297.284,range.zrange,351.0
33355.486,stateEstimate.z,0.351681113243103
33355.486,stateEstimate.vz,0.00012794742360711098
33355.486,gyro.z,64.68101501464844
33355.486,posCtl.targetZ,0.3503403663635254
33355.486,range.zrange,350.0
33434.167,stateEstimate.z,0.3507566452026367
33434.167,stateEstimate.vz,0.0009277985664084554
33434.167,gyro.z,66.59207153320312
33434.167,posCtl.targetZ,0.3503403663635254
33434.167,range.zrange,350.0
33560.18,stateEstimate.z,0.35122859477996826
33560.18,stateEstimate.vz,-0.0013738018460571766
33560.18,gyro.z,70.26829528808594
33560.18,posCtl.targetZ,0.3503403663635254
33560.18,range.zrange,352.0
33656.088,stateEstimate.z,0.3496896028518677
33656.088,stateEstimate.vz,-0.014423771761357784
33656.088,gyro.z,71.72300720214844
33656.088,posCtl.targetZ,0.3503403663635254
33656.088,range.zrange,350.0
33750.714,stateEstimate.z,0.34740957617759705
33750.714,stateEstimate.vz,-0.018346743658185005
33750.714,gyro.z,75.19572448730469
33750.714,posCtl.targetZ,0.3503403663635254
33750.714,range.zrange,348.0
33844.866,stateEstimate.z,0.34535452723503113
33844.866,stateEstimate.vz,-0.008733135648071766
33844.866,gyro.z,75.30245971679688
33844.866,posCtl.targetZ,0.3503403663635254
33844.866,range.zrange,346.0
33943.96,stateEstimate.z,0.3434514105319977
33943.96,stateEstimate.vz,-0.004086773842573166
33943.96,gyro.z,69.39208221435547
33943.96,posCtl.targetZ,0.3503403663635254
33943.96,range.zrange,341.0
34068.361,stateEstimate.z,0.3480304181575775
34068.361,stateEstimate.vz,0.018339676782488823
34068.361,gyro.z,68.83242797851562
34068.361,posCtl.targetZ,0.3503403663635254
34068.361,range.zrange,350.0
34172.273,stateEstimate.z,0.34942418336868286
34172.273,stateEstimate.vz,0.02027810923755169
34172.273,gyro.z,73.29655456542969
34172.273,posCtl.targetZ,0.3503403663635254
34172.273,range.zrange,348.0
34278.427,stateEstimate.z,0.3498988449573517
34278.427,stateEstimate.vz,0.008097995072603226
34278.427,gyro.z,73.92426300048828
34278.427,posCtl.targetZ,0.3503403663635254
34278.427,range.zrange,351.0
34348.002,stateEstimate.z,0.35205817222595215
34348.002,stateEstimate.vz,0.007870612666010857
34348.002,gyro.z,75.57365417480469
34348.002,posCtl.targetZ,0.3503403663635254
34348.002,range.zrange,354.0
34443.266,stateEstimate.z,0.3546746075153351
34443.266,stateEstimate.vz,0.01865348406136036
34443.266,gyro.z,71.2777328491211
34443.266,posCtl.targetZ,0.3503403663635254
34443.266,range.zrange,353.0
34558.679,stateEstimate.z,0.3522970676422119
34558.679,stateEstimate.vz,0.0012051427038386464
34558.679,gyro.z,72.51097106933594
34558.679,posCtl.targetZ,0.3503403663635254
34558.679,range.zrange,350.0
34663.446,stateEstimate.z,0.35212209820747375
34663.446,stateEstimate.vz,0.006038425024598837
34663.446,gyro.z,72.71521759033203
34663.446,posCtl.targetZ,0.3503403663635254
34663.446,range.zrange,353.0
34753.953,stateEstimate.z,0.3532770276069641
34753.953,stateEstimate.vz,0.014447608031332493
34753.953,gyro.z,75.67183685302734
34753.953,posCtl.targetZ,0.3503403663635254
34753.953,range.zrange,353.0
34843.176,stateEstimate.z,0.35328489542007446
34843.176,stateEstimate.vz,-0.0007754161488264799
34843.176,gyro.z,75.19206237792969
34843.176,posCtl.targetZ,0.3503403663635254
34843.176,range.zrange,353.0
34938.426,stateEstimate.z,0.3510957360267639
34938.426,stateEstimate.vz,-0.0143065694719553
34938.426,gyro.z,72.3362808227539
34938.426,posCtl.targetZ,0.3503403663635254
34938.426,range.zrange,352.0
35038.116,stateEstimate.z,0.35062524676322937
35038.116,stateEstimate.vz,-0.006916743237525225
35038.116,gyro.z,71.54016876220703
35038.116,posCtl.targetZ,0.3503403663635254
35038.116,range.zrange,351.0
35132.717,stateEstimate.z,0.3524511158466339
35132.717,stateEstimate.vz,0.014017561450600624
35132.717,gyro.z,45.97098159790039
35132.717,posCtl.targetZ,0.3503403663635254
35132.717,range.zrange,352.0
35243.196,stateEstimate.z,0.3521994352340698
35243.196,stateEstimate.vz,-0.002529738936573267
35243.196,gyro.z,24.806129455566406
35243.196,posCtl.targetZ,0.3503403663635254
35243.196,range.zrange,351.0
35389.327,stateEstimate.z,0.35185253620147705
35389.327,stateEstimate.vz,-0.01625778153538704
35389.327,gyro.z,16.092575073242188
35389.327,posCtl.targetZ,0.3503403663635254
35389.327,range.zrange,350.0
35473.03,stateEstimate.z,0.35155636072158813
35473.03,stateEstimate.vz,-0.022820616140961647
35473.03,gyro.z,9.351070404052734
35473.03,posCtl.targetZ,0.3503403663635254
35473.03,range.zrange,353.0
35579.288,stateEstimate.z,0.3426513075828552
35579.288,stateEstimate.vz,-0.058514002710580826
35579.288,gyro.z,3.200559616088867
35579.288,posCtl.targetZ,0.3503403663635254
35579.288,range.zrange,340.0
35643.276,stateEstimate.z,0.3385961353778839
35643.276,stateEstimate.vz,-0.02986646629869938
35643.276,gyro.z,4.589671611785889
35643.276,posCtl.targetZ,0.3503403663635254
35643.276,range.zrange,338.0
35779.316,stateEstimate.z,0.335259348154068
35779.316,stateEstimate.vz,-0.017314592376351357
35779.316,gyro.z,8.174847602844238
35779.316,posCtl.targetZ,0.3503403663635254
35779.316,range.zrange,334.0
35858.773,stateEstimate.z,0.33585983514785767
35858.773,stateEstimate.vz,0.002756137168034911
35858.773,gyro.z,5.192775249481201
35858.773,posCtl.targetZ,0.3503403663635254
35858.773,range.zrange,335.0
35921.92,stateEstimate.z,0.3355658948421478
35921.92,stateEstimate.vz,0.013550170697271824
35921.92,gyro.z,0.6938720941543579
35921.92,posCtl.targetZ,0.3503403663635254
35921.92,range.zrange,334.0
36034.543,stateEstimate.z,0.34294578433036804
36034.543,stateEstimate.vz,0.03372514992952347
36034.543,gyro.z,-7.371068477630615
36034.543,posCtl.targetZ,0.3503403663635254
36034.543,range.zrange,344.0
36190.478,stateEstimate.z,0.34604012966156006
36190.478,stateEstimate.vz,0.018935948610305786
36190.478,gyro.z,-8.380462646484375
36190.478,posCtl.targetZ,0.3503398001194
36190.478,range.zrange,346.0
36260.298,stateEstimate.z,0.3471193015575409
36260.298,stateEstimate.vz,0.002231236081570387
36260.298,gyro.z,-7.2465972900390625
36260.298,posCtl.targetZ,0.3503398001194
36260.298,range.zrange,346.0
36343.938,stateEstimate.z,0.3490348756313324
36343.938,stateEstimate.vz,0.011358704417943954
36343.938,gyro.z,-4.98704719543457
36343.938,posCtl.targetZ,0.3061909079551697
36343.938,range.zrange,350.0
36454.228,stateEstimate.z,0.3452116847038269
36454.228,stateEstimate.vz,-0.03685089200735092
36454.228,gyro.z,-5.293509006500244
36454.228,posCtl.targetZ,0.3061909079551697
36454.228,range.zrange,345.0
36553.605,stateEstimate.z,0.3397173285484314
36553.605,stateEstimate.vz,-0.07122816890478134
36553.605,gyro.z,-0.8213884234428406
36553.605,posCtl.targetZ,0.2617523670196533
36553.605,range.zrange,342.0
36649.312,stateEstimate.z,0.3294985294342041
36649.312,stateEstimate.vz,-0.11620456725358963
36649.312,gyro.z,4.307528972625732
36649.312,posCtl.targetZ,0.2617523670196533
36649.312,range.zrange,333.0
36810.616,stateEstimate.z,0.31655824184417725
36810.616,stateEstimate.vz,-0.14586646854877472
36810.616,gyro.z,6.510205268859863
36810.616,posCtl.targetZ,0.2617523670196533
36810.616,range.zrange,313.0
36889.909,stateEstimate.z,0.3039642572402954
36889.909,stateEstimate.vz,-0.14507053792476654
36889.909,gyro.z,3.3648645877838135
36889.909,posCtl.targetZ,0.21960631012916565
36889.909,range.zrange,307.0
36949.148,stateEstimate.z,0.28758692741394043
36949.148,stateEstimate.vz,-0.17740696668624878
36949.148,gyro.z,1.27707839012146
36949.148,posCtl.targetZ,0.21960631012916565
36949.148,range.zrange,290.0
37029.827,stateEstimate.z,0.26698723435401917
37029.827,stateEstimate.vz,-0.19924862682819366
37029.827,gyro.z,2.1009764671325684
37029.827,posCtl.targetZ,0.17470483481884003
37029.827,range.zrange,272.0
37153.01,stateEstimate.z,0.24151864647865295
37153.01,stateEstimate.vz,-0.2261866331100464
37153.01,gyro.z,0.026489345356822014
37153.01,posCtl.targetZ,0.17470483481884003
37153.01,range.zrange,239.0
37271.938,stateEstimate.z,0.2216930091381073
37271.938,stateEstimate.vz,-0.18972815573215485
37271.938,gyro.z,-2.3729405403137207
37271.938,posCtl.targetZ,0.1328762024641037
37271.938,range.zrange,226.0
37362.698,stateEstimate.z,0.20682695508003235
37362.698,stateEstimate.vz,-0.15882541239261627
37362.698,gyro.z,3.798243284225464
37362.698,posCtl.targetZ,0.1328762024641037
37362.698,range.zrange,217.0
37472.132,stateEstimate.z,0.19112251698970795
37472.132,stateEstimate.vz,-0.16103734076023102
37472.132,gyro.z,1.9632765054702759
37472.132,posCtl.targetZ,0.08429159969091415
37472.132,range.zrange,196.0
37562.399,stateEstimate.z,0.17363466322422028
37562.399,stateEstimate.vz,-0.1955396980047226
37562.399,gyro.z,2.4204680919647217
37562.399,posCtl.targetZ,0.08429159969091415
37562.399,range.zrange,173.0
37671.555,stateEstimate.z,0.15495936572551727
37671.555,stateEstimate.vz,-0.20957787334918976
37671.555,gyro.z,0.4880218505859375
37671.555,posCtl.targetZ,0.04221024364233017
37671.555,range.zrange,158.0
37778.938,stateEstimate.z,0.12914329767227173
37778.938,stateEstimate.vz,-0.2481921762228012
37778.938,gyro.z,-2.4564735889434814
37778.938,posCtl.targetZ,0.04221024364233017
37778.938,range.zrange,135.0
37829.582,stateEstimate.z,0.10445243120193481
37829.582,stateEstimate.vz,-0.2403823286294937
37829.582,gyro.z,-8.731422424316406
37829.582,posCtl.targetZ,0.0
37829.582,range.zrange,105.0
37887.455,stateEstimate.z,0.08364903181791306
37887.455,stateEstimate.vz,-0.04475918039679527
37887.455,gyro.z,-3.7553014755249023
37887.455,posCtl.targetZ,0.0
37887.455,range.zrange,84.0
37987.066,stateEstimate.z,0.04702959209680557
37987.066,stateEstimate.vz,-0.49633002281188965
37987.066,gyro.z,-2.4152674674987793
37987.066,posCtl.targetZ,0.0
37987.066,range.zrange,48.0
38087.693,stateEstimate.z,0.028932619839906693
38087.693,stateEstimate.vz,0.017643602564930916
38087.693,gyro.z,-4.778659820556641
38087.693,posCtl.targetZ,0.0
38087.693,range.zrange,22.0
38187.294,stateEstimate.z,0.020995141938328743
38187.294,stateEstimate.vz,0.03152894601225853
38187.294,gyro.z,1.0990688800811768
38187.294,posCtl.targetZ,0.0
38187.294,range.zrange,12.0
38287.921,stateEstimate.z,0.023841354995965958
38287.921,stateEstimate.vz,0.008099823258817196
38287.921,gyro.z,1.6181373596191406
38287.921,posCtl.targetZ,0.0
38287.921,range.zrange,17.0
38386.912,stateEstimate.z,0.017290931195020676
38386.912,stateEstimate.vz,-0.02551688812673092
38386.912,gyro.z,-1.7515219449996948
38386.912,posCtl.targetZ,0.0
38386.912,range.zrange,13.0
38487.543,stateEstimate.z,0.01397220604121685
38487.543,stateEstimate.vz,-0.02978680096566677
38487.543,gyro.z,-3.9512267112731934
38487.543,posCtl.targetZ,0.0
38487.543,range.zrange,14.0
38587.184,stateEstimate.z,0.012404518201947212
38587.184,stateEstimate.vz,-0.024461889639496803
38587.184,gyro.z,3.316037893295288
38587.184,posCtl.targetZ,0.0
38587.184,range.zrange,13.0
38686.817,stateEstimate.z,0.01180251408368349
38686.817,stateEstimate.vz,-0.016841841861605644
38686.817,gyro.z,-0.40209275484085083
38686.817,posCtl.targetZ,0.0
38686.817,range.zrange,13.0
38787.85,stateEstimate.z,0.012212442234158516
38787.85,stateEstimate.vz,-0.009895055554807186
38787.85,gyro.z,0.44893091917037964
38787.85,posCtl.targetZ,0.0
38787.85,range.zrange,12.0
