1013.877,33577,range.zrange,22.0
1013.877,33577,sse.step_height_est,0.0
1034.883,33597,range.zrange,37.0
1034.883,33597,sse.step_height_est,0.0
1053.557,33617,range.zrange,37.0
1053.557,33617,sse.step_height_est,0.0
1073.002,33637,range.zrange,23.0
1073.002,33637,sse.step_height_est,0.0
1093.439,33657,range.zrange,23.0
1093.439,33657,sse.step_height_est,0.0
1114.157,33677,range.zrange,44.0
1114.157,33677,sse.step_height_est,0.0
1134.264,33697,range.zrange,44.0
1134.264,33697,sse.step_height_est,0.0
1153.162,33717,range.zrange,44.0
1153.162,33717,sse.step_height_est,0.0
1172.927,33737,range.zrange,23.0
1172.927,33737,sse.step_height_est,0.0
1193.594,33757,range.zrange,23.0
1193.594,33757,sse.step_height_est,0.0
1213.447,33777,range.zrange,36.0
1213.447,33777,sse.step_height_est,0.0
1232.664,33797,range.zrange,36.0
1232.664,33797,sse.step_height_est,0.0
1252.355,33817,range.zrange,31.0
1252.355,33817,sse.step_height_est,0.04111432284116745
1273.191,33837,range.zrange,31.0
1273.191,33837,sse.step_height_est,0.04111432284116745
1293.084,33857,range.zrange,25.0
1293.084,33857,sse.step_height_est,0.04111432284116745
1312.7,33877,range.zrange,25.0
1312.7,33877,sse.step_height_est,0.04111432284116745
1332.373,33897,range.zrange,25.0
1332.373,33897,sse.step_height_est,0.04111432284116745
1352.593,33917,range.zrange,36.0
1352.593,33917,sse.step_height_est,0.04111432284116745
1371.996,33937,range.zrange,36.0
1371.996,33937,sse.step_height_est,0.04111432284116745
1393.991,33957,range.zrange,25.0
1393.991,33957,sse.step_height_est,0.04111432284116745
1412.487,33977,range.zrange,25.0
1412.487,33977,sse.step_height_est,0.04111432284116745
1432.031,33997,range.zrange,36.0
1432.031,33997,sse.step_height_est,0.04111432284116745
1452.594,34017,range.zrange,36.0
1452.594,34017,sse.step_height_est,0.04111432284116745
1472.497,34037,range.zrange,31.0
1472.497,34037,sse.step_height_est,0.04111432284116745
1492.496,34057,range.zrange,31.0
1492.496,34057,sse.step_height_est,0.04111432284116745
1512.87,34077,range.zrange,24.0
1512.87,34077,sse.step_height_est,0.04111432284116745
1533.269,34097,range.zrange,24.0
1533.269,34097,sse.step_height_est,0.04111432284116745
1552.43,34117,range.zrange,24.0
1552.43,34117,sse.step_height_est,0.04111432284116745
1574.111,34137,range.zrange,35.0
1574.111,34137,sse.step_height_est,0.04111432284116745
1592.95,34157,range.zrange,35.0
1592.95,34157,sse.step_height_est,0.04111432284116745
1612.329,34177,range.zrange,35.0
1612.329,34177,sse.step_height_est,0.04111432284116745
1633.564,34197,range.zrange,35.0
1633.564,34197,sse.step_height_est,0.04111432284116745
1653.269,34217,range.zrange,23.0
1653.269,34217,sse.step_height_est,0.04111432284116745
1671.732,34237,range.zrange,23.0
1671.732,34237,sse.step_height_est,0.04111432284116745
1692.402,34257,range.zrange,38.0
1692.402,34257,sse.step_height_est,0.04111432284116745
1712.239,34277,range.zrange,38.0
1712.239,34277,sse.step_height_est,0.04111432284116745
1732.774,34297,range.zrange,38.0
1732.774,34297,sse.step_height_est,0.04111432284116745
1752.511,34317,range.zrange,31.0
1752.511,34317,sse.step_height_est,0.04111432284116745
1772.503,34337,range.zrange,31.0
1772.503,34337,sse.step_height_est,0.04111432284116745
1792.044,34357,range.zrange,24.0
1792.044,34357,sse.step_height_est,0.04111432284116745
1812.605,34377,range.zrange,24.0
1812.605,34377,sse.step_height_est,0.04111432284116745
1832.129,34397,range.zrange,37.0
1832.129,34397,sse.step_height_est,0.04111432284116745
1853.438,34417,range.zrange,37.0
1853.438,34417,sse.step_height_est,0.04111432284116745
1873.96,34437,range.zrange,23.0
1873.96,34437,sse.step_height_est,0.04111432284116745
1893.765,34457,range.zrange,23.0
1893.765,34457,sse.step_height_est,0.04111432284116745
1912.052,34477,range.zrange,23.0
1912.052,34477,sse.step_height_est,0.04111432284116745
1932.861,34497,range.zrange,37.0
1932.861,34497,sse.step_height_est,0.04111432284116745
1952.603,34517,range.zrange,37.0
1952.603,34517,sse.step_height_est,0.04111432284116745
1974.085,34537,range.zrange,25.0
1974.085,34537,sse.step_height_est,0.04111432284116745
1992.432,34557,range.zrange,25.0
1992.432,34557,sse.step_height_est,0.04111432284116745
2011.502,34577,range.zrange,40.0
2011.502,34577,sse.step_height_est,0.04111432284116745
2032.54,34597,range.zrange,40.0
2032.54,34597,sse.step_height_est,0.04111432284116745
2051.497,34617,range.zrange,24.0
2051.497,34617,sse.step_height_est,0.04111432284116745
2071.356,34637,range.zrange,24.0
2071.356,34637,sse.step_height_est,0.04111432284116745
2091.66,34657,range.zrange,24.0
2091.66,34657,sse.step_height_est,0.04111432284116745
2112.757,34677,range.zrange,36.0
2112.757,34677,sse.step_height_est,0.04111432284116745
2131.14,34697,range.zrange,36.0
2131.14,34697,sse.step_height_est,0.04111432284116745
2152.575,34717,range.zrange,27.0
2152.575,34717,sse.step_height_est,0.04111432284116745
2172.435,34737,range.zrange,27.0
2172.435,34737,sse.step_height_est,0.04111432284116745
2191.785,34757,range.zrange,24.0
2191.785,34757,sse.step_height_est,0.04111432284116745
2211.586,34777,range.zrange,24.0
2211.586,34777,sse.step_height_est,0.04111432284116745
2231.045,34797,range.zrange,36.0
2231.045,34797,sse.step_height_est,0.04111432284116745
2252.063,34817,range.zrange,36.0
2252.063,34817,sse.step_height_est,0.04111432284116745
2271.825,34837,range.zrange,33.0
2271.825,34837,sse.step_height_est,0.04111432284116745
2291.791,34857,range.zrange,33.0
2291.791,34857,sse.step_height_est,0.04111432284116745
2311.398,34877,range.zrange,33.0
2311.398,34877,sse.step_height_est,0.04111432284116745
2331.293,34897,range.zrange,22.0
2331.293,34897,sse.step_height_est,0.04111432284116745
2351.956,34917,range.zrange,22.0
2351.956,34917,sse.step_height_est,0.04111432284116745
2371.837,34937,range.zrange,38.0
2371.837,34937,sse.step_height_est,0.04111432284116745
2391.232,34957,range.zrange,38.0
2391.232,34957,sse.step_height_est,0.04111432284116745
2411.985,34977,range.zrange,27.0
2411.985,34977,sse.step_height_est,0.04111432284116745
2432.02,34997,range.zrange,27.0
2432.02,34997,sse.step_height_est,0.04111432284116745
2451.678,35017,range.zrange,36.0
2451.678,35017,sse.step_height_est,0.04111432284116745
2471.856,35037,range.zrange,36.0
2471.856,35037,sse.step_height_est,0.04111432284116745
2492.069,35057,range.zrange,36.0
2492.069,35057,sse.step_height_est,0.04111432284116745
2511.806,35077,range.zrange,22.0
2511.806,35077,sse.step_height_est,0.04111432284116745
2531.61,35097,range.zrange,22.0
2531.61,35097,sse.step_height_est,0.04111432284116745
2552.181,35117,range.zrange,37.0
2552.181,35117,sse.step_height_est,0.04111432284116745
2572.009,35137,range.zrange,37.0
2572.009,35137,sse.step_height_est,0.04111432284116745
2591.453,35157,range.zrange,25.0
2591.453,35157,sse.step_height_est,0.04111432284116745
2611.405,35177,range.zrange,25.0
2611.405,35177,sse.step_height_est,0.04111432284116745
2631.647,35197,range.zrange,36.0
2631.647,35197,sse.step_height_est,0.04111432284116745
2652.766,35217,range.zrange,36.0
2652.766,35217,sse.step_height_est,0.04111432284116745
2671.441,35237,range.zrange,36.0
2671.441,35237,sse.step_height_est,0.04111432284116745
2691.585,35257,range.zrange,23.0
2691.585,35257,sse.step_height_est,0.04111432284116745
2712.257,35277,range.zrange,23.0
2712.257,35277,sse.step_height_est,0.04111432284116745
2731.94,35297,range.zrange,38.0
2731.94,35297,sse.step_height_est,0.04111432284116745
2752.12,35317,range.zrange,38.0
2752.12,35317,sse.step_height_est,0.04111432284116745
2771.327,35337,range.zrange,27.0
2771.327,35337,sse.step_height_est,0.04111432284116745
2791.402,35357,range.zrange,27.0
2791.402,35357,sse.step_height_est,0.04111432284116745
2811.889,35377,range.zrange,39.0
2811.889,35377,sse.step_height_est,0.04111432284116745
2831.676,35397,range.zrange,39.0
2831.676,35397,sse.step_height_est,0.04111432284116745
2851.49,35417,range.zrange,39.0
2851.49,35417,sse.step_height_est,0.04111432284116745
2870.759,35437,range.zrange,33.0
2870.759,35437,sse.step_height_est,0.04111432284116745
2890.679,35457,range.zrange,33.0
2890.679,35457,sse.step_height_est,0.04111432284116745
2912.574,35477,range.zrange,27.0
2912.574,35477,sse.step_height_est,0.04111432284116745
2931.538,35497,range.zrange,27.0
2931.538,35497,sse.step_height_est,0.04111432284116745
2951.183,35517,range.zrange,34.0
2951.183,35517,sse.step_height_est,0.04111432284116745
2972.39,35537,range.zrange,34.0
2972.39,35537,sse.step_height_est,0.04111432284116745
2991.689,35557,range.zrange,24.0
2991.689,35557,sse.step_height_est,0.04111432284116745
3011.916,35577,range.zrange,24.0
3011.916,35577,sse.step_height_est,0.04111432284116745
3031.255,35597,range.zrange,24.0
3031.255,35597,sse.step_height_est,0.04111432284116745
3052.295,35617,range.zrange,37.0
3052.295,35617,sse.step_height_est,0.04111432284116745
3071.322,35637,range.zrange,37.0
3071.322,35637,sse.step_height_est,0.04111432284116745
3092.144,35657,range.zrange,26.0
3092.144,35657,sse.step_height_est,0.04111432284116745
3112.747,35677,range.zrange,26.0
3112.747,35677,sse.step_height_est,0.04111432284116745
3131.586,35697,range.zrange,38.0
3131.586,35697,sse.step_height_est,0.04111432284116745
3151.35,35717,range.zrange,38.0
3151.35,35717,sse.step_height_est,0.04111432284116745
3171.587,35737,range.zrange,27.0
3171.587,35737,sse.step_height_est,0.04111432284116745
3191.588,35757,range.zrange,27.0
3191.588,35757,sse.step_height_est,0.04111432284116745
3211.691,35777,range.zrange,27.0
3211.691,35777,sse.step_height_est,0.04111432284116745
3231.262,35797,range.zrange,30.0
3231.262,35797,sse.step_height_est,0.04111432284116745
3251.295,35817,range.zrange,30.0
3251.295,35817,sse.step_height_est,0.04111432284116745
3271.92,35837,range.zrange,22.0
3271.92,35837,sse.step_height_est,0.04111432284116745
3291.598,35857,range.zrange,22.0
3291.598,35857,sse.step_height_est,0.04111432284116745
3311.227,35877,range.zrange,40.0
3311.227,35877,sse.step_height_est,0.04111432284116745
3331.628,35897,range.zrange,40.0
3331.628,35897,sse.step_height_est,0.04111432284116745
3351.319,35917,range.zrange,32.0
3351.319,35917,sse.step_height_est,0.04111432284116745
3371.432,35937,range.zrange,32.0
3371.432,35937,sse.step_height_est,0.04111432284116745
3391.472,35957,range.zrange,24.0
3391.472,35957,sse.step_height_est,0.04111432284116745
3411.636,35977,range.zrange,24.0
3411.636,35977,sse.step_height_est,0.04111432284116745
3430.897,35997,range.zrange,24.0
3430.897,35997,sse.step_height_est,0.04111432284116745
3452.038,36017,range.zrange,39.0
3452.038,36017,sse.step_height_est,0.04111432284116745
3471.687,36037,range.zrange,39.0
3471.687,36037,sse.step_height_est,0.04111432284116745
3491.134,36057,range.zrange,43.0
3491.134,36057,sse.step_height_est,0.04111432284116745
3511.176,36077,range.zrange,43.0
3511.176,36077,sse.step_height_est,0.04111432284116745
3531.188,36097,range.zrange,27.0
3531.188,36097,sse.step_height_est,0.04111432284116745
3551.195,36117,range.zrange,27.0
3551.195,36117,sse.step_height_est,0.04111432284116745
3571.077,36137,range.zrange,38.0
3571.077,36137,sse.step_height_est,0.04111432284116745
3590.808,36157,range.zrange,38.0
3590.808,36157,sse.step_height_est,0.04111432284116745
3612.863,36177,range.zrange,38.0
3612.863,36177,sse.step_height_est,0.04111432284116745
3631.503,36197,range.zrange,42.0
3631.503,36197,sse.step_height_est,0.04111432284116745
3650.616,36217,range.zrange,42.0
3650.616,36217,sse.step_height_est,0.04111432284116745
3671.998,36237,range.zrange,26.0
3671.998,36237,sse.step_height_est,0.04111432284116745
3691.222,36257,range.zrange,26.0
3691.222,36257,sse.step_height_est,0.04111432284116745
3711.225,36277,range.zrange,40.0
3711.225,36277,sse.step_height_est,0.04111432284116745
3733.537,36297,range.zrange,40.0
3733.537,36297,sse.step_height_est,0.04111432284116745
3750.187,36317,range.zrange,35.0
3750.187,36317,sse.step_height_est,0.04111432284116745
3770.422,36337,range.zrange,35.0
3770.422,36337,sse.step_height_est,0.04111432284116745
3791.279,36357,range.zrange,35.0
3791.279,36357,sse.step_height_est,0.04111432284116745
3810.356,36377,range.zrange,32.0
3810.356,36377,sse.step_height_est,0.04111432284116745
3831.377,36397,range.zrange,32.0
3831.377,36397,sse.step_height_est,0.04111432284116745
3851.038,36417,range.zrange,25.0
3851.038,36417,sse.step_height_est,0.04111432284116745
3871.15,36437,range.zrange,25.0
3871.15,36437,sse.step_height_est,0.04111432284116745
3891.16,36457,range.zrange,35.0
3891.16,36457,sse.step_height_est,0.04111432284116745
3912.008,36477,range.zrange,35.0
3912.008,36477,sse.step_height_est,0.04111432284116745
3931.238,36497,range.zrange,42.0
3931.238,36497,sse.step_height_est,0.04111432284116745
3951.152,36517,range.zrange,42.0
3951.152,36517,sse.step_height_est,0.04111432284116745
3971.183,36537,range.zrange,42.0
3971.183,36537,sse.step_height_est,0.04111432284116745
3990.915,36557,range.zrange,33.0
3990.915,36557,sse.step_height_est,0.04111432284116745
4011.184,36577,range.zrange,33.0
4011.184,36577,sse.step_height_est,0.04111432284116745
4030.374,36597,range.zrange,32.0
4030.374,36597,sse.step_height_est,0.04111432284116745
4050.975,36617,range.zrange,32.0
4050.975,36617,sse.step_height_est,0.04111432284116745
4071.457,36637,range.zrange,38.0
4071.457,36637,sse.step_height_est,0.04111432284116745
4090.034,36657,range.zrange,38.0
4090.034,36657,sse.step_height_est,0.04111432284116745
4110.79,36677,range.zrange,33.0
4110.79,36677,sse.step_height_est,0.04111432284116745
4129.86,36697,range.zrange,33.0
4129.86,36697,sse.step_height_est,0.04111432284116745
4150.213,36717,range.zrange,27.0
4150.213,36717,sse.step_height_est,0.04111432284116745
4170.283,36737,range.zrange,27.0
4170.283,36737,sse.step_height_est,0.04111432284116745
4189.879,36757,range.zrange,27.0
4189.879,36757,sse.step_height_est,0.04111432284116745
4209.791,36777,range.zrange,34.0
4209.791,36777,sse.step_height_est,0.04111432284116745
4230.5,36797,range.zrange,34.0
4230.5,36797,sse.step_height_est,0.04111432284116745
4249.634,36817,range.zrange,41.0
4249.634,36817,sse.step_height_est,0.04111432284116745
4270.024,36837,range.zrange,41.0
4270.024,36837,sse.step_height_est,0.04111432284116745
4290.518,36857,range.zrange,20.0
4290.518,36857,sse.step_height_est,0.04111432284116745
4309.624,36877,range.zrange,20.0
4309.624,36877,sse.step_height_est,0.04111432284116745
4330.98,36897,range.zrange,30.0
4330.98,36897,sse.step_height_est,0.04111432284116745
4351.138,36917,range.zrange,30.0
4351.138,36917,sse.step_height_est,0.04111432284116745
4371.473,36937,range.zrange,24.0
4371.473,36937,sse.step_height_est,0.04111432284116745
4390.57,36957,range.zrange,24.0
4390.57,36957,sse.step_height_est,0.04111432284116745
4410.086,36977,range.zrange,24.0
4410.086,36977,sse.step_height_est,0.04111432284116745
4430.706,36997,range.zrange,17.0
4430.706,36997,sse.step_height_est,0.04111432284116745
4450.387,37017,range.zrange,17.0
4450.387,37017,sse.step_height_est,0.04111432284116745
4470.485,37037,range.zrange,16.0
4470.485,37037,sse.step_height_est,0.04111432284116745
4491.501,37057,range.zrange,16.0
4491.501,37057,sse.step_height_est,0.04111432284116745
4510.694,37077,range.zrange,15.0
4510.694,37077,sse.step_height_est,0.04111432284116745
4530.585,37097,range.zrange,15.0
4530.585,37097,sse.step_height_est,0.04111432284116745
4550.673,37117,range.zrange,10.0
4550.673,37117,sse.step_height_est,0.04111432284116745
4571.532,37137,range.zrange,10.0
4571.532,37137,sse.step_height_est,0.04111432284116745
4590.593,37157,range.zrange,10.0
4590.593,37157,sse.step_height_est,0.04111432284116745
4610.638,37177,range.zrange,10.0
4610.638,37177,sse.step_height_est,0.04111432284116745
4630.608,37197,range.zrange,10.0
4630.608,37197,sse.step_height_est,0.04111432284116745
4649.653,37217,range.zrange,9.0
4649.653,37217,sse.step_height_est,0.04111432284116745
4669.926,37237,range.zrange,9.0
4669.926,37237,sse.step_height_est,0.04111432284116745
4690.7,37257,range.zrange,14.0
4690.7,37257,sse.step_height_est,0.04111432284116745
4710.034,37277,range.zrange,14.0
4710.034,37277,sse.step_height_est,0.04111432284116745
4730.907,37297,range.zrange,23.0
4730.907,37297,sse.step_height_est,0.04111432284116745
4750.464,37317,range.zrange,23.0
4750.464,37317,sse.step_height_est,0.04111432284116745
4771.31,37337,range.zrange,23.0
4771.31,37337,sse.step_height_est,0.04111432284116745
4790.516,37357,range.zrange,41.0
4790.516,37357,sse.step_height_est,0.04111432284116745
4810.965,37377,range.zrange,41.0
4810.965,37377,sse.step_height_est,0.04111432284116745
4831.174,37397,range.zrange,54.0
4831.174,37397,sse.step_height_est,0.04111432284116745
4850.825,37417,range.zrange,54.0
4850.825,37417,sse.step_height_est,0.04111432284116745
4871.345,37437,range.zrange,69.0
4871.345,37437,sse.step_height_est,0.04111432284116745
4890.529,37457,range.zrange,69.0
4890.529,37457,sse.step_height_est,0.04111432284116745
4910.092,37477,range.zrange,70.0
4910.092,37477,sse.step_height_est,0.04111432284116745
4930.653,37497,range.zrange,70.0
4930.653,37497,sse.step_height_est,0.04111432284116745
4950.204,37517,range.zrange,70.0
4950.204,37517,sse.step_height_est,0.04111432284116745
4970.344,37537,range.zrange,77.0
4970.344,37537,sse.step_height_est,0.04111432284116745
4991.031,37557,range.zrange,77.0
4991.031,37557,sse.step_height_est,0.04111432284116745
5009.832,37577,range.zrange,82.0
5009.832,37577,sse.step_height_est,0.04111432284116745
5029.986,37597,range.zrange,82.0
5029.986,37597,sse.step_height_est,0.04111432284116745
5050.59,37617,range.zrange,91.0
5050.59,37617,sse.step_height_est,0.04111432284116745
5070.495,37637,range.zrange,91.0
5070.495,37637,sse.step_height_est,0.04111432284116745
5091.374,37657,range.zrange,99.0
5091.374,37657,sse.step_height_est,0.04111432284116745
5110.623,37677,range.zrange,99.0
5110.623,37677,sse.step_height_est,0.04111432284116745
5131.08,37697,range.zrange,99.0
5131.08,37697,sse.step_height_est,0.04111432284116745
5151.219,37717,range.zrange,106.0
5151.219,37717,sse.step_height_est,0.04111432284116745
5191.868,37737,range.zrange,106.0
5191.868,37737,sse.step_height_est,0.04111432284116745
5194.304,37757,range.zrange,112.0
5194.304,37757,sse.step_height_est,0.04111432284116745
5210.642,37777,range.zrange,112.0
5210.642,37777,sse.step_height_est,0.04111432284116745
5230.926,37797,range.zrange,112.0
5230.926,37797,sse.step_height_est,0.04111432284116745
5250.944,37817,range.zrange,112.0
5250.944,37817,sse.step_height_est,0.04111432284116745
5270.762,37837,range.zrange,114.0
5270.762,37837,sse.step_height_est,0.04111432284116745
5290.61,37857,range.zrange,114.0
5290.61,37857,sse.step_height_est,0.04111432284116745
5310.615,37877,range.zrange,114.0
5310.615,37877,sse.step_height_est,0.04111432284116745
5330.329,37897,range.zrange,122.0
5330.329,37897,sse.step_height_est,0.04111432284116745
5350.605,37917,range.zrange,122.0
5350.605,37917,sse.step_height_est,0.04111432284116745
5370.071,37937,range.zrange,128.0
5370.071,37937,sse.step_height_est,0.04111432284116745
5390.553,37957,range.zrange,128.0
5390.553,37957,sse.step_height_est,0.04111432284116745
5410.288,37977,range.zrange,132.0
5410.288,37977,sse.step_height_est,0.04111432284116745
5430.777,37997,range.zrange,132.0
5430.777,37997,sse.step_height_est,0.04111432284116745
5449.917,38017,range.zrange,142.0
5449.917,38017,sse.step_height_est,0.04111432284116745
5470.274,38037,range.zrange,142.0
5470.274,38037,sse.step_height_est,0.04111432284116745
5490.179,38057,range.zrange,142.0
5490.179,38057,sse.step_height_est,0.04111432284116745
5510.291,38077,range.zrange,152.0
5510.291,38077,sse.step_height_est,0.04111432284116745
5529.863,38097,range.zrange,152.0
5529.863,38097,sse.step_height_est,0.04111432284116745
5550.412,38117,range.zrange,159.0
5550.412,38117,sse.step_height_est,0.04111432284116745
5570.373,38137,range.zrange,159.0
5570.373,38137,sse.step_height_est,0.04111432284116745
5590.725,38157,range.zrange,172.0
5590.725,38157,sse.step_height_est,0.04111432284116745
5610.348,38177,range.zrange,172.0
5610.348,38177,sse.step_height_est,0.04111432284116745
5629.883,38197,range.zrange,181.0
5629.883,38197,sse.step_height_est,0.04111432284116745
5650.264,38217,range.zrange,181.0
5650.264,38217,sse.step_height_est,0.04111432284116745
5669.753,38237,range.zrange,181.0
5669.753,38237,sse.step_height_est,0.04111432284116745
5690.443,38257,range.zrange,191.0
5690.443,38257,sse.step_height_est,0.04111432284116745
5710.661,38277,range.zrange,191.0
5710.661,38277,sse.step_height_est,0.04111432284116745
5729.916,38297,range.zrange,205.0
5729.916,38297,sse.step_height_est,0.04111432284116745
5750.204,38317,range.zrange,205.0
5750.204,38317,sse.step_height_est,0.04111432284116745
5769.713,38337,range.zrange,212.0
5769.713,38337,sse.step_height_est,0.04111432284116745
5789.814,38357,range.zrange,212.0
5789.814,38357,sse.step_height_est,0.04111432284116745
5810.916,38377,range.zrange,228.0
5810.916,38377,sse.step_height_est,0.04111432284116745
5830.611,38397,range.zrange,228.0
5830.611,38397,sse.step_height_est,0.04111432284116745
5850.009,38417,range.zrange,238.0
5850.009,38417,sse.step_height_est,0.04111432284116745
5875.641,38437,range.zrange,238.0
5875.641,38437,sse.step_height_est,0.04111432284116745
5890.674,38457,range.zrange,238.0
5890.674,38457,sse.step_height_est,0.04111432284116745
5910.154,38477,range.zrange,245.0
5910.154,38477,sse.step_height_est,0.04111432284116745
5930.182,38497,range.zrange,245.0
5930.182,38497,sse.step_height_est,0.04111432284116745
5949.899,38517,range.zrange,256.0
5949.899,38517,sse.step_height_est,0.04111432284116745
5970.285,38537,range.zrange,256.0
5970.285,38537,sse.step_height_est,0.04111432284116745
5989.84,38557,range.zrange,268.0
5989.84,38557,sse.step_height_est,0.04111432284116745
6011.269,38577,range.zrange,268.0
6011.269,38577,sse.step_height_est,0.04111432284116745
6030.495,38597,range.zrange,276.0
6030.495,38597,sse.step_height_est,0.04111432284116745
6050.01,38617,range.zrange,276.0
6050.01,38617,sse.step_height_est,0.04111432284116745
6069.491,38637,range.zrange,276.0
6069.491,38637,sse.step_height_est,0.04111432284116745
6090.132,38657,range.zrange,286.0
6090.132,38657,sse.step_height_est,0.04111432284116745
6110.56,38677,range.zrange,286.0
6110.56,38677,sse.step_height_est,0.04111432284116745
6130.523,38697,range.zrange,295.0
6130.523,38697,sse.step_height_est,0.04111432284116745
6149.95,38717,range.zrange,295.0
6149.95,38717,sse.step_height_est,0.04111432284116745
6169.952,38737,range.zrange,305.0
6169.952,38737,sse.step_height_est,0.04111432284116745
6190.181,38757,range.zrange,305.0
6190.181,38757,sse.step_height_est,0.04111432284116745
6211.146,38777,range.zrange,314.0
6211.146,38777,sse.step_height_est,0.04111432284116745
6230.023,38797,range.zrange,314.0
6230.023,38797,sse.step_height_est,0.04111432284116745
6249.834,38817,range.zrange,314.0
6249.834,38817,sse.step_height_est,0.04111432284116745
6269.464,38837,range.zrange,320.0
6269.464,38837,sse.step_height_est,0.04111432284116745
6290.105,38857,range.zrange,320.0
6290.105,38857,sse.step_height_est,0.04111432284116745
6310.824,38877,range.zrange,332.0
6310.824,38877,sse.step_height_est,0.04111432284116745
6330.264,38897,range.zrange,332.0
6330.264,38897,sse.step_height_est,0.04111432284116745
6349.613,38917,range.zrange,334.0
6349.613,38917,sse.step_height_est,0.04111432284116745
6370.921,38937,range.zrange,334.0
6370.921,38937,sse.step_height_est,0.04111432284116745
6390.253,38957,range.zrange,342.0
6390.253,38957,sse.step_height_est,0.04111432284116745
6410.379,38977,range.zrange,342.0
6410.379,38977,sse.step_height_est,0.04111432284116745
6429.435,38997,range.zrange,342.0
6429.435,38997,sse.step_height_est,0.04111432284116745
6448.755,39017,range.zrange,343.0
6448.755,39017,sse.step_height_est,0.04111432284116745
6469.327,39037,range.zrange,343.0
6469.327,39037,sse.step_height_est,0.04111432284116745
6489.238,39057,range.zrange,347.0
6489.238,39057,sse.step_height_est,0.04111432284116745
6510.064,39077,range.zrange,347.0
6510.064,39077,sse.step_height_est,0.04111432284116745
6529.705,39097,range.zrange,349.0
6529.705,39097,sse.step_height_est,0.04111432284116745
6550.793,39117,range.zrange,349.0
6550.793,39117,sse.step_height_est,0.04111432284116745
6569.41,39137,range.zrange,349.0
6569.41,39137,sse.step_height_est,0.04111432284116745
6589.669,39157,range.zrange,358.0
6589.669,39157,sse.step_height_est,0.04111432284116745
6609.292,39177,range.zrange,358.0
6609.292,39177,sse.step_height_est,0.04111432284116745
6630.106,39197,range.zrange,354.0
6630.106,39197,sse.step_height_est,0.04111432284116745
6649.656,39217,range.zrange,354.0
6649.656,39217,sse.step_height_est,0.04111432284116745
6669.104,39237,range.zrange,359.0
6669.104,39237,sse.step_height_est,0.04111432284116745
6688.882,39257,range.zrange,359.0
6688.882,39257,sse.step_height_est,0.04111432284116745
6708.88,39277,range.zrange,363.0
6708.88,39277,sse.step_height_est,0.04111432284116745
6730.047,39297,range.zrange,363.0
6730.047,39297,sse.step_height_est,0.04111432284116745
6749.367,39317,range.zrange,366.0
6749.367,39317,sse.step_height_est,0.04111432284116745
6786.322,39337,range.zrange,366.0
6786.322,39337,sse.step_height_est,0.04111432284116745
6788.921,39357,range.zrange,366.0
6788.921,39357,sse.step_height_est,0.04111432284116745
6808.63,39377,range.zrange,370.0
6808.63,39377,sse.step_height_est,0.04111432284116745
6829.144,39397,range.zrange,370.0
6829.144,39397,sse.step_height_est,0.04111432284116745
6848.627,39417,range.zrange,376.0
6848.627,39417,sse.step_height_est,0.04111432284116745
6868.409,39437,range.zrange,376.0
6868.409,39437,sse.step_height_est,0.04111432284116745
6890.315,39457,range.zrange,377.0
6890.315,39457,sse.step_height_est,0.04111432284116745
6908.267,39477,range.zrange,377.0
6908.267,39477,sse.step_height_est,0.04111432284116745
6928.848,39497,range.zrange,380.0
6928.848,39497,sse.step_height_est,0.04111432284116745
6949.362,39517,range.zrange,380.0
6949.362,39517,sse.step_height_est,0.04111432284116745
6970.466,39537,range.zrange,380.0
6970.466,39537,sse.step_height_est,0.04111432284116745
6988.696,39557,range.zrange,385.0
6988.696,39557,sse.step_height_est,0.04111432284116745
7008.857,39577,range.zrange,385.0
7008.857,39577,sse.step_height_est,0.04111432284116745
7028.926,39597,range.zrange,388.0
7028.926,39597,sse.step_height_est,0.04111432284116745
7049.388,39617,range.zrange,388.0
7049.388,39617,sse.step_height_est,0.04111432284116745
7068.704,39637,range.zrange,390.0
7068.704,39637,sse.step_height_est,0.04111432284116745
7088.766,39657,range.zrange,390.0
7088.766,39657,sse.step_height_est,0.04111432284116745
7109.243,39677,range.zrange,390.0
7109.243,39677,sse.step_height_est,0.04111432284116745
7130.206,39697,range.zrange,390.0
7130.206,39697,sse.step_height_est,0.04111432284116745
7149.483,39717,range.zrange,390.0
7149.483,39717,sse.step_height_est,0.04111432284116745
7169.228,39737,range.zrange,390.0
7169.228,39737,sse.step_height_est,0.04111432284116745
7188.924,39757,range.zrange,390.0
7188.924,39757,sse.step_height_est,0.04111432284116745
7209.169,39777,range.zrange,371.0
7209.169,39777,sse.step_height_est,0.04111432284116745
7229.314,39797,range.zrange,371.0
7229.314,39797,sse.step_height_est,0.04111432284116745
7248.632,39817,range.zrange,320.0
7248.632,39817,sse.step_height_est,0.09534068405628204
7268.956,39837,range.zrange,320.0
7268.956,39837,sse.step_height_est,0.09534068405628204
7289.525,39857,range.zrange,255.0
7289.525,39857,sse.step_height_est,0.16184599697589874
7309.332,39877,range.zrange,255.0
7309.332,39877,sse.step_height_est,0.16184599697589874
7328.839,39897,range.zrange,222.0
7328.839,39897,sse.step_height_est,0.19684913754463196
7348.745,39917,range.zrange,222.0
7348.745,39917,sse.step_height_est,0.19684913754463196
7368.507,39937,range.zrange,222.0
7368.507,39937,sse.step_height_est,0.19684913754463196
7389.451,39957,range.zrange,207.0
7389.451,39957,sse.step_height_est,0.21455757319927216
7408.984,39977,range.zrange,207.0
7408.984,39977,sse.step_height_est,0.21455757319927216
7429.27,39997,range.zrange,198.0
7429.27,39997,sse.step_height_est,0.22701744735240936
7449.558,40017,range.zrange,198.0
7449.558,40017,sse.step_height_est,0.22701744735240936
7470.662,40037,range.zrange,199.0
7470.662,40037,sse.step_height_est,0.22701744735240936
7489.224,40057,range.zrange,199.0
7489.224,40057,sse.step_height_est,0.22701744735240936
7508.802,40077,range.zrange,203.0
7508.802,40077,sse.step_height_est,0.22701744735240936
7529.29,40097,range.zrange,203.0
7529.29,40097,sse.step_height_est,0.22701744735240936
7550.125,40117,range.zrange,203.0
7550.125,40117,sse.step_height_est,0.22701744735240936
7568.527,40137,range.zrange,206.0
7568.527,40137,sse.step_height_est,0.22701744735240936
7588.897,40157,range.zrange,206.0
7588.897,40157,sse.step_height_est,0.22701744735240936
7608.872,40177,range.zrange,211.0
7608.872,40177,sse.step_height_est,0.22701744735240936
7629.302,40197,range.zrange,211.0
7629.302,40197,sse.step_height_est,0.22701744735240936
7648.752,40217,range.zrange,216.0
7648.752,40217,sse.step_height_est,0.22701744735240936
7669.587,40237,range.zrange,216.0
7669.587,40237,sse.step_height_est,0.22701744735240936
7688.423,40257,range.zrange,225.0
7688.423,40257,sse.step_height_est,0.22701744735240936
7708.952,40277,range.zrange,225.0
7708.952,40277,sse.step_height_est,0.22701744735240936
7728.08,40297,range.zrange,225.0
7728.08,40297,sse.step_height_est,0.22701744735240936
7747.739,40317,range.zrange,230.0
7747.739,40317,sse.step_height_est,0.22701744735240936
7767.475,40337,range.zrange,230.0
7767.475,40337,sse.step_height_est,0.22701744735240936
7788.195,40357,range.zrange,237.0
7788.195,40357,sse.step_height_est,0.22701744735240936
7808.42,40377,range.zrange,237.0
7808.42,40377,sse.step_height_est,0.22701744735240936
7829.121,40397,range.zrange,239.0
7829.121,40397,sse.step_height_est,0.22701744735240936
7848.913,40417,range.zrange,239.0
7848.913,40417,sse.step_height_est,0.22701744735240936
7869.135,40437,range.zrange,239.0
7869.135,40437,sse.step_height_est,0.22701744735240936
7888.714,40457,range.zrange,239.0
7888.714,40457,sse.step_height_est,0.22701744735240936
7909.726,40477,range.zrange,244.0
7909.726,40477,sse.step_height_est,0.22701744735240936
7928.918,40497,range.zrange,244.0
7928.918,40497,sse.step_height_est,0.22701744735240936
7948.534,40517,range.zrange,244.0
7948.534,40517,sse.step_height_est,0.22701744735240936
7968.798,40537,range.zrange,245.0
7968.798,40537,sse.step_height_est,0.22701744735240936
7988.907,40557,range.zrange,245.0
7988.907,40557,sse.step_height_est,0.22701744735240936
8008.095,40577,range.zrange,247.0
8008.095,40577,sse.step_height_est,0.22701744735240936
8028.33,40597,range.zrange,247.0
8028.33,40597,sse.step_height_est,0.22701744735240936
8049.546,40617,range.zrange,245.0
8049.546,40617,sse.step_height_est,0.22701744735240936
8068.303,40637,range.zrange,245.0
8068.303,40637,sse.step_height_est,0.22701744735240936
8088.908,40657,range.zrange,245.0
8088.908,40657,sse.step_height_est,0.22701744735240936
8109.45,40677,range.zrange,245.0
8109.45,40677,sse.step_height_est,0.22701744735240936
8128.352,40697,range.zrange,245.0
8128.352,40697,sse.step_height_est,0.22701744735240936
8148.781,40717,range.zrange,244.0
8148.781,40717,sse.step_height_est,0.22701744735240936
8168.573,40737,range.zrange,244.0
8168.573,40737,sse.step_height_est,0.22701744735240936
8188.316,40757,range.zrange,242.0
8188.316,40757,sse.step_height_est,0.22701744735240936
8208.826,40777,range.zrange,242.0
8208.826,40777,sse.step_height_est,0.22701744735240936
8228.029,40797,range.zrange,241.0
8228.029,40797,sse.step_height_est,0.22701744735240936
8249.199,40817,range.zrange,241.0
8249.199,40817,sse.step_height_est,0.22701744735240936
8269.207,40837,range.zrange,284.0
8269.207,40837,sse.step_height_est,0.18366867303848267
8288.735,40857,range.zrange,284.0
8288.735,40857,sse.step_height_est,0.18366867303848267
8308.354,40877,range.zrange,284.0
8308.354,40877,sse.step_height_est,0.18366867303848267
8329.527,40897,range.zrange,406.0
8329.527,40897,sse.step_height_est,0.05797646939754486
8349.054,40917,range.zrange,406.0
8349.054,40917,sse.step_height_est,0.05797646939754486
8368.479,40937,range.zrange,452.0
8368.479,40937,sse.step_height_est,0.008020330220460892
8388.415,40957,range.zrange,452.0
8388.415,40957,sse.step_height_est,0.008020330220460892
8408.308,40977,range.zrange,444.0
8408.308,40977,sse.step_height_est,0.008020330220460892
8428.502,40997,range.zrange,444.0
8428.502,40997,sse.step_height_est,0.008020330220460892
8447.985,41017,range.zrange,441.0
8447.985,41017,sse.step_height_est,0.008020330220460892
8468.578,41037,range.zrange,441.0
8468.578,41037,sse.step_height_est,0.008020330220460892
8489.777,41057,range.zrange,441.0
8489.777,41057,sse.step_height_est,0.008020330220460892
8508.098,41077,range.zrange,441.0
8508.098,41077,sse.step_height_est,0.008020330220460892
8528.448,41097,range.zrange,441.0
8528.448,41097,sse.step_height_est,0.008020330220460892
8547.858,41117,range.zrange,440.0
8547.858,41117,sse.step_height_est,0.008020330220460892
8568.579,41137,range.zrange,440.0
8568.579,41137,sse.step_height_est,0.008020330220460892
8588.364,41157,range.zrange,438.0
8588.364,41157,sse.step_height_est,0.008020330220460892
8607.707,41177,range.zrange,438.0
8607.707,41177,sse.step_height_est,0.008020330220460892
8628.541,41197,range.zrange,438.0
8628.541,41197,sse.step_height_est,0.008020330220460892
8647.436,41217,range.zrange,438.0
8647.436,41217,sse.step_height_est,0.008020330220460892
8667.245,41237,range.zrange,439.0
8667.245,41237,sse.step_height_est,0.008020330220460892
8688.779,41257,range.zrange,439.0
8688.779,41257,sse.step_height_est,0.008020330220460892
8707.678,41277,range.zrange,439.0
8707.678,41277,sse.step_height_est,0.008020330220460892
8728.473,41297,range.zrange,443.0
8728.473,41297,sse.step_height_est,0.008020330220460892
8749.106,41317,range.zrange,443.0
8749.106,41317,sse.step_height_est,0.008020330220460892
8767.505,41337,range.zrange,446.0
8767.505,41337,sse.step_height_est,0.008020330220460892
8791.095,41357,range.zrange,446.0
8791.095,41357,sse.step_height_est,0.008020330220460892
8808.095,41377,range.zrange,448.0
8808.095,41377,sse.step_height_est,0.008020330220460892
8828.782,41397,range.zrange,448.0
8828.782,41397,sse.step_height_est,0.008020330220460892
8848.904,41417,range.zrange,449.0
8848.904,41417,sse.step_height_est,0.008020330220460892
8867.46,41437,range.zrange,449.0
8867.46,41437,sse.step_height_est,0.008020330220460892
8887.444,41457,range.zrange,452.0
8887.444,41457,sse.step_height_est,0.008020330220460892
8907.69,41477,range.zrange,452.0
8907.69,41477,sse.step_height_est,0.008020330220460892
8928.102,41497,range.zrange,452.0
8928.102,41497,sse.step_height_est,0.008020330220460892
8948.591,41517,range.zrange,453.0
8948.591,41517,sse.step_height_est,0.008020330220460892
8968.42,41537,range.zrange,453.0
8968.42,41537,sse.step_height_est,0.008020330220460892
8988.364,41557,range.zrange,453.0
8988.364,41557,sse.step_height_est,0.008020330220460892
9007.756,41577,range.zrange,453.0
9007.756,41577,sse.step_height_est,0.008020330220460892
9027.44,41597,range.zrange,457.0
9027.44,41597,sse.step_height_est,0.008020330220460892
9047.664,41617,range.zrange,457.0
9047.664,41617,sse.step_height_est,0.008020330220460892
9068.713,41637,range.zrange,454.0
9068.713,41637,sse.step_height_est,0.008020330220460892
9088.306,41657,range.zrange,454.0
9088.306,41657,sse.step_height_est,0.008020330220460892
9108.361,41677,range.zrange,461.0
9108.361,41677,sse.step_height_est,0.008020330220460892
9128.03,41697,range.zrange,461.0
9128.03,41697,sse.step_height_est,0.008020330220460892
9148.792,41717,range.zrange,461.0
9148.792,41717,sse.step_height_est,0.008020330220460892
9168.649,41737,range.zrange,456.0
9168.649,41737,sse.step_height_est,0.008020330220460892
9187.992,41757,range.zrange,456.0
9187.992,41757,sse.step_height_est,0.008020330220460892
9207.686,41777,range.zrange,460.0
9207.686,41777,sse.step_height_est,0.008020330220460892
9228.262,41797,range.zrange,460.0
9228.262,41797,sse.step_height_est,0.008020330220460892
9247.256,41817,range.zrange,456.0
9247.256,41817,sse.step_height_est,0.008020330220460892
9267.744,41837,range.zrange,456.0
9267.744,41837,sse.step_height_est,0.008020330220460892
9287.985,41857,range.zrange,459.0
9287.985,41857,sse.step_height_est,0.008020330220460892
9307.267,41877,range.zrange,459.0
9307.267,41877,sse.step_height_est,0.008020330220460892
9327.921,41897,range.zrange,456.0
9327.921,41897,sse.step_height_est,0.008020330220460892
9348.135,41917,range.zrange,456.0
9348.135,41917,sse.step_height_est,0.008020330220460892
9368.139,41937,range.zrange,456.0
9368.139,41937,sse.step_height_est,0.008020330220460892
9387.705,41957,range.zrange,454.0
9387.705,41957,sse.step_height_est,0.008020330220460892
9407.6,41977,range.zrange,454.0
9407.6,41977,sse.step_height_est,0.008020330220460892
9428.001,41997,range.zrange,457.0
9428.001,41997,sse.step_height_est,0.008020330220460892
9448.132,42017,range.zrange,457.0
9448.132,42017,sse.step_height_est,0.008020330220460892
9467.484,42037,range.zrange,453.0
9467.484,42037,sse.step_height_est,0.008020330220460892
9488.202,42057,range.zrange,453.0
9488.202,42057,sse.step_height_est,0.008020330220460892
9508.374,42077,range.zrange,453.0
9508.374,42077,sse.step_height_est,0.008020330220460892
9528.366,42097,range.zrange,453.0
9528.366,42097,sse.step_height_est,0.008020330220460892
9547.891,42117,range.zrange,449.0
9547.891,42117,sse.step_height_est,0.008020330220460892
9567.425,42137,range.zrange,449.0
9567.425,42137,sse.step_height_est,0.008020330220460892
9587.587,42157,range.zrange,449.0
9587.587,42157,sse.step_height_est,0.008020330220460892
9608.242,42177,range.zrange,450.0
9608.242,42177,sse.step_height_est,0.008020330220460892
9627.839,42197,range.zrange,450.0
9627.839,42197,sse.step_height_est,0.008020330220460892
9647.415,42217,range.zrange,445.0
9647.415,42217,sse.step_height_est,0.008020330220460892
9668.3,42237,range.zrange,445.0
9668.3,42237,sse.step_height_est,0.008020330220460892
9688.174,42257,range.zrange,441.0
9688.174,42257,sse.step_height_est,0.008020330220460892
9707.302,42277,range.zrange,441.0
9707.302,42277,sse.step_height_est,0.008020330220460892
9727.95,42297,range.zrange,440.0
9727.95,42297,sse.step_height_est,0.008020330220460892
9746.827,42317,range.zrange,440.0
9746.827,42317,sse.step_height_est,0.008020330220460892
9767.578,42337,range.zrange,433.0
9767.578,42337,sse.step_height_est,0.008020330220460892
9786.601,42357,range.zrange,433.0
9786.601,42357,sse.step_height_est,0.008020330220460892
9807.05,42377,range.zrange,433.0
9807.05,42377,sse.step_height_est,0.008020330220460892
9827.864,42397,range.zrange,423.0
9827.864,42397,sse.step_height_est,0.008020330220460892
9847.733,42417,range.zrange,423.0
9847.733,42417,sse.step_height_est,0.008020330220460892
9867.022,42437,range.zrange,416.0
9867.022,42437,sse.step_height_est,0.008020330220460892
9888.183,42457,range.zrange,416.0
9888.183,42457,sse.step_height_est,0.008020330220460892
9906.306,42477,range.zrange,411.0
9906.306,42477,sse.step_height_est,0.008020330220460892
9928.041,42497,range.zrange,411.0
9928.041,42497,sse.step_height_est,0.008020330220460892
9947.274,42517,range.zrange,402.0
9947.274,42517,sse.step_height_est,0.008020330220460892
9966.834,42537,range.zrange,402.0
9966.834,42537,sse.step_height_est,0.008020330220460892
9986.974,42557,range.zrange,402.0
9986.974,42557,sse.step_height_est,0.008020330220460892
10007.765,42577,range.zrange,394.0
10007.765,42577,sse.step_height_est,0.008020330220460892
10027.499,42597,range.zrange,394.0
10027.499,42597,sse.step_height_est,0.008020330220460892
10047.052,42617,range.zrange,386.0
10047.052,42617,sse.step_height_est,0.008020330220460892
10067.409,42637,range.zrange,386.0
10067.409,42637,sse.step_height_est,0.008020330220460892
10087.494,42657,range.zrange,374.0
10087.494,42657,sse.step_height_est,0.008020330220460892
10107.11,42677,range.zrange,374.0
10107.11,42677,sse.step_height_est,0.008020330220460892
10130.741,42697,range.zrange,360.0
10130.741,42697,sse.step_height_est,0.008020330220460892
10146.927,42717,range.zrange,360.0
10146.927,42717,sse.step_height_est,0.008020330220460892
10166.827,42737,range.zrange,357.0
10166.827,42737,sse.step_height_est,0.008020330220460892
10187.857,42757,range.zrange,357.0
10187.857,42757,sse.step_height_est,0.008020330220460892
10206.984,42777,range.zrange,357.0
10206.984,42777,sse.step_height_est,0.008020330220460892
10227.848,42797,range.zrange,345.0
10227.848,42797,sse.step_height_est,0.008020330220460892
10246.714,42817,range.zrange,345.0
10246.714,42817,sse.step_height_est,0.008020330220460892
10267.374,42837,range.zrange,335.0
10267.374,42837,sse.step_height_est,0.008020330220460892
10288.101,42857,range.zrange,335.0
10288.101,42857,sse.step_height_est,0.008020330220460892
10306.724,42877,range.zrange,320.0
10306.724,42877,sse.step_height_est,0.008020330220460892
10326.987,42897,range.zrange,320.0
10326.987,42897,sse.step_height_est,0.008020330220460892
10347.689,42917,range.zrange,311.0
10347.689,42917,sse.step_height_est,0.008020330220460892
10368.036,42937,range.zrange,311.0
10368.036,42937,sse.step_height_est,0.008020330220460892
10387.749,42957,range.zrange,311.0
10387.749,42957,sse.step_height_est,0.008020330220460892
10406.691,42977,range.zrange,300.0
10406.691,42977,sse.step_height_est,0.008020330220460892
10426.668,42997,range.zrange,300.0
10426.668,42997,sse.step_height_est,0.008020330220460892
10447.24,43017,range.zrange,290.0
10447.24,43017,sse.step_height_est,0.008020330220460892
10467.615,43037,range.zrange,290.0
10467.615,43037,sse.step_height_est,0.008020330220460892
10486.857,43057,range.zrange,282.0
10486.857,43057,sse.step_height_est,0.008020330220460892
10507.25,43077,range.zrange,282.0
10507.25,43077,sse.step_height_est,0.008020330220460892
10526.911,43097,range.zrange,266.0
10526.911,43097,sse.step_height_est,0.008020330220460892
10547.316,43117,range.zrange,266.0
10547.316,43117,sse.step_height_est,0.008020330220460892
10566.808,43137,range.zrange,266.0
10566.808,43137,sse.step_height_est,0.008020330220460892
10586.485,43157,range.zrange,258.0
10586.485,43157,sse.step_height_est,0.008020330220460892
10606.812,43177,range.zrange,258.0
10606.812,43177,sse.step_height_est,0.008020330220460892
10626.772,43197,range.zrange,246.0
10626.772,43197,sse.step_height_est,0.008020330220460892
10647.295,43217,range.zrange,246.0
10647.295,43217,sse.step_height_est,0.008020330220460892
10666.586,43237,range.zrange,238.0
10666.586,43237,sse.step_height_est,0.008020330220460892
10686.812,43257,range.zrange,238.0
10686.812,43257,sse.step_height_est,0.008020330220460892
10706.53,43277,range.zrange,222.0
10706.53,43277,sse.step_height_est,0.008020330220460892
10726.632,43297,range.zrange,222.0
10726.632,43297,sse.step_height_est,0.008020330220460892
10746.465,43317,range.zrange,222.0
10746.465,43317,sse.step_height_est,0.008020330220460892
10766.634,43337,range.zrange,209.0
10766.634,43337,sse.step_height_est,0.008020330220460892
10786.362,43357,range.zrange,209.0
10786.362,43357,sse.step_height_est,0.008020330220460892
10806.43,43377,range.zrange,205.0
10806.43,43377,sse.step_height_est,0.008020330220460892
10826.559,43397,range.zrange,205.0
10826.559,43397,sse.step_height_est,0.008020330220460892
10846.743,43417,range.zrange,188.0
10846.743,43417,sse.step_height_est,0.008020330220460892
10866.611,43437,range.zrange,188.0
10866.611,43437,sse.step_height_est,0.008020330220460892
10886.194,43457,range.zrange,175.0
10886.194,43457,sse.step_height_est,0.008020330220460892
10906.836,43477,range.zrange,175.0
10906.836,43477,sse.step_height_est,0.008020330220460892
10926.941,43497,range.zrange,175.0
10926.941,43497,sse.step_height_est,0.008020330220460892
10946.468,43517,range.zrange,159.0
10946.468,43517,sse.step_height_est,0.008020330220460892
10966.641,43537,range.zrange,159.0
10966.641,43537,sse.step_height_est,0.008020330220460892
10987.068,43557,range.zrange,150.0
10987.068,43557,sse.step_height_est,0.008020330220460892
11007.117,43577,range.zrange,150.0
11007.117,43577,sse.step_height_est,0.008020330220460892
11027.602,43597,range.zrange,134.0
11027.602,43597,sse.step_height_est,0.008020330220460892
11046.307,43617,range.zrange,134.0
11046.307,43617,sse.step_height_est,0.008020330220460892
11066.421,43637,range.zrange,121.0
11066.421,43637,sse.step_height_est,0.008020330220460892
11086.704,43657,range.zrange,121.0
11086.704,43657,sse.step_height_est,0.008020330220460892
11107.122,43677,range.zrange,121.0
11107.122,43677,sse.step_height_est,0.008020330220460892
