1231.504,14451,stateEstimate.z,0.024028906598687172
1231.504,14451,stateEstimate.vz,0.00038849172415211797
1231.504,14451,posCtl.targetZ,0.0
1231.504,14451,acc.z,1.000716209411621
1231.504,14451,range.zrange,24.0
1285.494,14501,stateEstimate.z,0.023586980998516083
1285.494,14501,stateEstimate.vz,-0.0023366697132587433
1285.494,14501,posCtl.targetZ,0.0
1285.494,14501,acc.z,0.998968243598938
1285.494,14501,range.zrange,22.0
1330.549,14551,stateEstimate.z,0.0236726775765419
1330.549,14551,stateEstimate.vz,-0.0015153988497331738
1330.549,14551,posCtl.targetZ,0.0
1330.549,14551,acc.z,1.0012638568878174
1330.549,14551,range.zrange,24.0
1380.65,14601,stateEstimate.z,0.024983389303088188
1380.65,14601,stateEstimate.vz,0.00698291277512908
1380.65,14601,posCtl.targetZ,0.0
1380.65,14601,acc.z,1.0002555847167969
1380.65,14601,range.zrange,27.0
1429.728,14651,stateEstimate.z,0.02482883632183075
1429.728,14651,stateEstimate.vz,0.0042621842585504055
1429.728,14651,posCtl.targetZ,0.0
1429.728,14651,acc.z,1.0007392168045044
1429.728,14651,range.zrange,24.0
1480.485,14701,stateEstimate.z,0.02420319989323616
1480.485,14701,stateEstimate.vz,0.0005810707225464284
1480.485,14701,posCtl.targetZ,0.0
1480.485,14701,acc.z,1.0010696649551392
1480.485,14701,range.zrange,23.0
1530.055,14751,stateEstimate.z,0.0241389237344265
1530.055,14751,stateEstimate.vz,0.0005238143494352698
1530.055,14751,posCtl.targetZ,0.0
1530.055,14751,acc.z,1.0007967948913574
1530.055,14751,range.zrange,24.0
1580.715,14801,stateEstimate.z,0.023646660149097443
1580.715,14801,stateEstimate.vz,-0.0017266717040911317
1580.715,14801,posCtl.targetZ,0.0
1580.715,14801,acc.z,1.0000932216644287
1580.715,14801,range.zrange,23.0
1630.758,14851,stateEstimate.z,0.024279607459902763
1630.758,14851,stateEstimate.vz,0.0015488768694922328
1630.758,14851,posCtl.targetZ,0.0
1630.758,14851,acc.z,1.0019276142120361
1630.758,14851,range.zrange,25.0
1688.299,14901,stateEstimate.z,0.025256594642996788
1688.299,14901,stateEstimate.vz,0.005756859201937914
1688.299,14901,posCtl.targetZ,0.0
1688.299,14901,acc.z,1.0018521547317505
1688.299,14901,range.zrange,25.0
1735.577,14951,stateEstimate.z,0.024448296055197716
1735.577,14951,stateEstimate.vz,0.000317482219543308
1735.577,14951,posCtl.targetZ,0.0
1735.577,14951,acc.z,0.9998505711555481
1735.577,14951,range.zrange,23.0
1780.138,15001,stateEstimate.z,0.023852098733186722
1780.138,15001,stateEstimate.vz,-0.002749302890151739
1780.138,15001,posCtl.targetZ,0.0
1780.138,15001,acc.z,0.9986841678619385
1780.138,15001,range.zrange,23.0
1830.955,15051,stateEstimate.z,0.02512386254966259
1830.955,15051,stateEstimate.vz,0.004150998312979937
1830.955,15051,posCtl.targetZ,0.0
1830.955,15051,acc.z,1.0023306608200073
1830.955,15051,range.zrange,27.0
1879.977,15101,stateEstimate.z,0.02568323351442814
1879.977,15101,stateEstimate.vz,0.006088718306273222
1879.977,15101,posCtl.targetZ,0.0
1879.977,15101,acc.z,0.998778223991394
1879.977,15101,range.zrange,26.0
1932.343,15151,stateEstimate.z,0.025649549439549446
1932.343,15151,stateEstimate.vz,0.004038319457322359
1932.343,15151,posCtl.targetZ,0.0
1932.343,15151,acc.z,0.9992380142211914
1932.343,15151,range.zrange,25.0
1980.874,15201,stateEstimate.z,0.024582112208008766
1980.874,15201,stateEstimate.vz,-0.001814876333810389
1980.874,15201,posCtl.targetZ,0.0
1980.874,15201,acc.z,1.0002275705337524
1980.874,15201,range.zrange,23.0
2031.202,15251,stateEstimate.z,0.025636721402406693
2031.202,15251,stateEstimate.vz,0.003305675694718957
2031.202,15251,posCtl.targetZ,0.0
2031.202,15251,acc.z,1.0012116432189941
2031.202,15251,range.zrange,27.0
2080.651,15301,stateEstimate.z,0.023533165454864502
2080.651,15301,stateEstimate.vz,-0.007164085283875465
2080.651,15301,posCtl.targetZ,0.0
2080.651,15301,acc.z,0.9971223473548889
2080.651,15301,range.zrange,21.0
2140.263,15351,stateEstimate.z,0.023455137386918068
2140.263,15351,stateEstimate.vz,-0.0046969009563326836
2140.263,15351,posCtl.targetZ,0.0
2140.263,15351,acc.z,1.0008097887039185
2140.263,15351,range.zrange,25.0
2182.878,15401,stateEstimate.z,0.02352280355989933
2182.878,15401,stateEstimate.vz,-0.002860807813704014
2182.878,15401,posCtl.targetZ,0.0
2182.878,15401,acc.z,1.0008803606033325
2182.878,15401,range.zrange,24.0
2229.496,15451,stateEstimate.z,0.023224137723445892
2229.496,15451,stateEstimate.vz,-0.003106092568486929
2229.496,15451,posCtl.targetZ,0.0
2229.496,15451,acc.z,1.0014859437942505
2229.496,15451,range.zrange,23.0
2279.672,15501,stateEstimate.z,0.023026034235954285
2279.672,15501,stateEstimate.vz,-0.0029248828068375587
2279.672,15501,posCtl.targetZ,0.0
2279.672,15501,acc.z,1.000097632408142
2279.672,15501,range.zrange,23.0
2330.054,15551,stateEstimate.z,0.022502055391669273
2330.054,15551,stateEstimate.vz,-0.004822139162570238
2330.054,15551,posCtl.targetZ,0.0
2330.054,15551,acc.z,1.0012736320495605
2330.054,15551,range.zrange,22.0
2379.554,15601,stateEstimate.z,0.024422867223620415
2379.554,15601,stateEstimate.vz,0.006718659307807684
2379.554,15601,posCtl.targetZ,0.0
2379.554,15601,acc.z,1.0033674240112305
2379.554,15601,range.zrange,27.0
2429.721,15651,stateEstimate.z,0.025007495656609535
2429.721,15651,stateEstimate.vz,0.00858739297837019
2429.721,15651,posCtl.targetZ,0.0
2429.721,15651,acc.z,1.0026953220367432
2429.721,15651,range.zrange,25.0
2480.179,15701,stateEstimate.z,0.024456925690174103
2480.179,15701,stateEstimate.vz,0.0042577944695949554
2480.179,15701,posCtl.targetZ,0.0
2480.179,15701,acc.z,0.9985535740852356
2480.179,15701,range.zrange,23.0
2537.08,15751,stateEstimate.z,0.024569880217313766
2537.08,15751,stateEstimate.vz,0.00332628283649683
2537.08,15751,posCtl.targetZ,0.0
2537.08,15751,acc.z,1.000655174255371
2537.08,15751,range.zrange,24.0
2581.527,15801,stateEstimate.z,0.02484927326440811
2581.527,15801,stateEstimate.vz,0.004217623732984066
2581.527,15801,posCtl.targetZ,0.0
2581.527,15801,acc.z,1.0027896165847778
2581.527,15801,range.zrange,25.0
2629.522,15851,stateEstimate.z,0.023418083786964417
2629.522,15851,stateEstimate.vz,-0.0038060061633586884
2629.522,15851,posCtl.targetZ,0.0
2629.522,15851,acc.z,1.0020184516906738
2629.522,15851,range.zrange,21.0
2679.873,15901,stateEstimate.z,0.024857359007000923
2679.873,15901,stateEstimate.vz,0.005028633400797844
2679.873,15901,posCtl.targetZ,0.0
2679.873,15901,acc.z,1.0034351348876953
2679.873,15901,range.zrange,27.0
2730.857,15951,stateEstimate.z,0.02513520047068596
2730.857,15951,stateEstimate.vz,0.005438771098852158
2730.857,15951,posCtl.targetZ,0.0
2730.857,15951,acc.z,1.0007917881011963
2730.857,15951,range.zrange,25.0
2779.165,16001,stateEstimate.z,6.196205504238605e-07
2779.165,16001,stateEstimate.vz,0.00012394669465720654
2779.165,16001,posCtl.targetZ,0.0
2779.165,16001,acc.z,1.000950574874878
2779.165,16001,range.zrange,27.0
2828.825,16051,stateEstimate.z,0.025014810264110565
2828.825,16051,stateEstimate.vz,0.0002504636941011995
2828.825,16051,posCtl.targetZ,0.0
2828.825,16051,acc.z,1.0025469064712524
2828.825,16051,range.zrange,25.0
2879.327,16101,stateEstimate.z,0.023452825844287872
2879.327,16101,stateEstimate.vz,-0.0010542121017351747
2879.327,16101,posCtl.targetZ,0.0
2879.327,16101,acc.z,1.0015157461166382
2879.327,16101,range.zrange,22.0
2929.136,16151,stateEstimate.z,0.02492430806159973
2929.136,16151,stateEstimate.vz,0.0032463178504258394
2929.136,16151,posCtl.targetZ,0.0
2929.136,16151,acc.z,1.0022222995758057
2929.136,16151,range.zrange,27.0
2994.448,16201,stateEstimate.z,0.024538857862353325
2994.448,16201,stateEstimate.vz,0.0018960119923576713
2994.448,16201,posCtl.targetZ,0.0
2994.448,16201,acc.z,1.0018993616104126
2994.448,16201,range.zrange,25.0
3029.849,16251,stateEstimate.z,0.024802470579743385
3029.849,16251,stateEstimate.vz,0.0030577133875340223
3029.849,16251,posCtl.targetZ,0.0
3029.849,16251,acc.z,1.0027145147323608
3029.849,16251,range.zrange,25.0
3079.891,16301,stateEstimate.z,0.025002555921673775
3079.891,16301,stateEstimate.vz,0.0033618893940001726
3079.891,16301,posCtl.targetZ,0.0
3079.891,16301,acc.z,0.9985565543174744
3079.891,16301,range.zrange,25.0
3129.369,16351,stateEstimate.z,0.025126395747065544
3129.369,16351,stateEstimate.vz,0.0031351123470813036
3129.369,16351,posCtl.targetZ,0.0
3129.369,16351,acc.z,1.0014606714248657
3129.369,16351,range.zrange,25.0
3179.834,16401,stateEstimate.z,0.022586533799767494
3179.834,16401,stateEstimate.vz,-0.009731999598443508
3179.834,16401,posCtl.targetZ,0.0
3179.834,16401,acc.z,1.0003535747528076
3179.834,16401,range.zrange,19.0
3228.868,16451,stateEstimate.z,0.021996470168232918
3228.868,16451,stateEstimate.vz,-0.010199193842709064
3228.868,16451,posCtl.targetZ,0.0
3228.868,16451,acc.z,0.9991005659103394
3228.868,16451,range.zrange,22.0
3278.394,16501,stateEstimate.z,0.02341996505856514
3278.394,16501,stateEstimate.vz,-0.0008322590729221702
3278.394,16501,posCtl.targetZ,0.0
3278.394,16501,acc.z,1.000765323638916
3278.394,16501,range.zrange,26.0
3332.17,16551,stateEstimate.z,0.023691194131970406
3332.17,16551,stateEstimate.vz,0.0011425057891756296
3332.17,16551,posCtl.targetZ,1.0490417707842425e-06
3332.17,16551,acc.z,0.9987674951553345
3332.17,16551,range.zrange,24.0
3385.711,16603,stateEstimate.z,0.024390900507569313
3385.711,16603,stateEstimate.vz,0.004025832284241915
3385.711,16603,posCtl.targetZ,1.0490417707842425e-06
3385.711,16603,acc.z,0.9919114708900452
3385.711,16603,range.zrange,24.0
3429.65,16651,stateEstimate.z,0.023841330781579018
3429.65,16651,stateEstimate.vz,0.0010384516790509224
3429.65,16651,posCtl.targetZ,1.0490417707842425e-06
3429.65,16651,acc.z,1.001108169555664
3429.65,16651,range.zrange,23.0
3478.565,16701,stateEstimate.z,0.022714300081133842
3478.565,16701,stateEstimate.vz,-0.008041922934353352
3478.565,16701,posCtl.targetZ,1.0490417707842425e-06
3478.565,16701,acc.z,0.9909822344779968
3478.565,16701,range.zrange,21.0
3528.733,16751,stateEstimate.z,0.02209961786866188
3528.733,16751,stateEstimate.vz,-0.016348086297512054
3528.733,16751,posCtl.targetZ,0.040047742426395416
3528.733,16751,acc.z,1.0256489515304565
3528.733,16751,range.zrange,22.0
3578.427,16801,stateEstimate.z,0.022379213944077492
3578.427,16801,stateEstimate.vz,-0.009148867800831795
3578.427,16801,posCtl.targetZ,0.040047742426395416
3578.427,16801,acc.z,1.0091259479522705
3578.427,16801,range.zrange,24.0
3628.733,16851,stateEstimate.z,0.023702850565314293
3628.733,16851,stateEstimate.vz,0.001207620371133089
3628.733,16851,posCtl.targetZ,0.040047742426395416
3628.733,16851,acc.z,1.0245063304901123
3628.733,16851,range.zrange,26.0
3679.172,16901,stateEstimate.z,0.02395322360098362
3679.172,16901,stateEstimate.vz,-0.0014267903752624989
3679.172,16901,posCtl.targetZ,0.040047742426395416
3679.172,16901,acc.z,1.0447516441345215
3679.172,16901,range.zrange,24.0
3729.529,16951,stateEstimate.z,0.025553593412041664
3729.529,16951,stateEstimate.vz,0.010575861670076847
3729.529,16951,posCtl.targetZ,0.08011183887720108
3729.529,16951,acc.z,0.98482346534729
3729.529,16951,range.zrange,27.0
3778.768,17001,stateEstimate.z,0.02386697195470333
3778.768,17001,stateEstimate.vz,-4.804076161235571e-05
3778.768,17001,posCtl.targetZ,0.08011183887720108
3778.768,17001,acc.z,1.028746247291565
3778.768,17001,range.zrange,21.0
3836.665,17051,stateEstimate.z,0.023937677964568138
3836.665,17051,stateEstimate.vz,0.016827121376991272
3836.665,17051,posCtl.targetZ,0.08011183887720108
3836.665,17051,acc.z,1.0082521438598633
3836.665,17051,range.zrange,24.0
3878.956,17101,stateEstimate.z,0.021700691431760788
3878.956,17101,stateEstimate.vz,0.005649607628583908
3878.956,17101,posCtl.targetZ,0.08011183887720108
3878.956,17101,acc.z,1.0099130868911743
3878.956,17101,range.zrange,17.0
3929.703,17151,stateEstimate.z,0.018313709646463394
3929.703,17151,stateEstimate.vz,-0.009466958232223988
3929.703,17151,posCtl.targetZ,0.12019886821508408
3929.703,17151,acc.z,1.0428452491760254
3929.703,17151,range.zrange,13.0
3979.294,17201,stateEstimate.z,0.012916883453726768
3979.294,17201,stateEstimate.vz,-0.01301095262169838
3979.294,17201,posCtl.targetZ,0.12019886821508408
3979.294,17201,acc.z,1.0908253192901611
3979.294,17201,range.zrange,9.0
4028.105,17251,stateEstimate.z,0.007952703163027763
4028.105,17251,stateEstimate.vz,0.01104874350130558
4028.105,17251,posCtl.targetZ,0.12019886821508408
4028.105,17251,acc.z,1.1221914291381836
4028.105,17251,range.zrange,5.0
4078.249,17301,stateEstimate.z,0.0071283928118646145
4078.249,17301,stateEstimate.vz,0.058241650462150574
4078.249,17301,posCtl.targetZ,0.12019886821508408
4078.249,17301,acc.z,1.0793899297714233
4078.249,17301,range.zrange,6.0
4128.702,17351,stateEstimate.z,0.01567954383790493
4128.702,17351,stateEstimate.vz,0.11987867206335068
4128.702,17351,posCtl.targetZ,0.16034969687461853
4128.702,17351,acc.z,1.052144169807434
4128.702,17351,range.zrange,18.0
4178.869,17401,stateEstimate.z,0.028076868504285812
4178.869,17401,stateEstimate.vz,0.16870790719985962
4178.869,17401,posCtl.targetZ,0.16034969687461853
4178.869,17401,acc.z,1.0118759870529175
4178.869,17401,range.zrange,27.0
4236.384,17451,stateEstimate.z,0.04598629102110863
4236.384,17451,stateEstimate.vz,0.23144260048866272
4236.384,17451,posCtl.targetZ,0.16034969687461853
4236.384,17451,acc.z,1.0284957885742188
4236.384,17451,range.zrange,55.0
4279.263,17501,stateEstimate.z,0.05854995921254158
4279.263,17501,stateEstimate.vz,0.24284560978412628
4279.263,17501,posCtl.targetZ,0.16034969687461853
4279.263,17501,acc.z,0.9936940670013428
4279.263,17501,range.zrange,59.0
4328.388,17551,stateEstimate.z,0.07192958891391754
4328.388,17551,stateEstimate.vz,0.23015114665031433
4328.388,17551,posCtl.targetZ,0.20044732093811035
4328.388,17551,acc.z,0.9115131497383118
4328.388,17551,range.zrange,73.0
4378.041,17601,stateEstimate.z,0.08241698145866394
4378.041,17601,stateEstimate.vz,0.18621791899204254
4378.041,17601,posCtl.targetZ,0.20044732093811035
4378.041,17601,acc.z,0.9154732823371887
4378.041,17601,range.zrange,82.0
4428.362,17651,stateEstimate.z,0.08739741891622543
4428.362,17651,stateEstimate.vz,0.13020211458206177
4428.362,17651,posCtl.targetZ,0.20044732093811035
4428.362,17651,acc.z,0.9555703401565552
4428.362,17651,range.zrange,82.0
4478.738,17701,stateEstimate.z,0.092041976749897
4478.738,17701,stateEstimate.vz,0.09582887589931488
4478.738,17701,posCtl.targetZ,0.20044732093811035
4478.738,17701,acc.z,0.9501581192016602
4478.738,17701,range.zrange,89.0
4527.902,17751,stateEstimate.z,0.09694219380617142
4527.902,17751,stateEstimate.vz,0.07823584228754044
4527.902,17751,posCtl.targetZ,0.24074974656105042
4527.902,17751,acc.z,0.9876009821891785
4527.902,17751,range.zrange,96.0
4578.567,17801,stateEstimate.z,0.10054758936166763
4578.567,17801,stateEstimate.vz,0.06982148438692093
4578.567,17801,posCtl.targetZ,0.24074974656105042
4578.567,17801,acc.z,1.0299979448318481
4578.567,17801,range.zrange,98.0
4627.669,17851,stateEstimate.z,0.10424982756376266
4627.669,17851,stateEstimate.vz,0.08469618856906891
4627.669,17851,posCtl.targetZ,0.24074974656105042
4627.669,17851,acc.z,1.0402816534042358
4627.669,17851,range.zrange,101.0
4684.055,17901,stateEstimate.z,0.10886193066835403
4684.055,17901,stateEstimate.vz,0.10259342938661575
4684.055,17901,posCtl.targetZ,0.24074974656105042
4684.055,17901,acc.z,1.0596332550048828
4684.055,17901,range.zrange,107.0
4731.424,17951,stateEstimate.z,0.11328710615634918
4731.424,17951,stateEstimate.vz,0.12211018800735474
4731.424,17951,posCtl.targetZ,0.28082674741744995
4731.424,17951,acc.z,1.0634137392044067
4731.424,17951,range.zrange,110.0
4778.923,18001,stateEstimate.z,0.12096863240003586
4778.923,18001,stateEstimate.vz,0.15035638213157654
4778.923,18001,posCtl.targetZ,0.28082674741744995
4778.923,18001,acc.z,1.0418990850448608
4778.923,18001,range.zrange,121.0
4828.662,18051,stateEstimate.z,0.1291298121213913
4828.662,18051,stateEstimate.vz,0.17407718300819397
4828.662,18051,posCtl.targetZ,0.28082674741744995
4828.662,18051,acc.z,1.0386285781860352
4828.662,18051,range.zrange,126.0
4878.772,18101,stateEstimate.z,0.1346052885055542
4878.772,18101,stateEstimate.vz,0.17895054817199707
4878.772,18101,posCtl.targetZ,0.28082674741744995
4878.772,18101,acc.z,1.0473706722259521
4878.772,18101,range.zrange,126.0
4928.756,18151,stateEstimate.z,0.14219719171524048
4928.756,18151,stateEstimate.vz,0.19206297397613525
4928.756,18151,posCtl.targetZ,0.32089847326278687
4928.756,18151,acc.z,1.0505573749542236
4928.756,18151,range.zrange,136.0
4978.345,18201,stateEstimate.z,0.15002363920211792
4978.345,18201,stateEstimate.vz,0.20230096578598022
4978.345,18201,posCtl.targetZ,0.32089847326278687
4978.345,18201,acc.z,1.0431246757507324
4978.345,18201,range.zrange,141.0
5027.922,18251,stateEstimate.z,0.15939880907535553
5027.922,18251,stateEstimate.vz,0.22437281906604767
5027.922,18251,posCtl.targetZ,0.32089847326278687
5027.922,18251,acc.z,1.0490343570709229
5027.922,18251,range.zrange,149.0
5078.492,18301,stateEstimate.z,0.17042547464370728
5078.492,18301,stateEstimate.vz,0.24514316022396088
5078.492,18301,posCtl.targetZ,0.32089847326278687
5078.492,18301,acc.z,1.0451133251190186
5078.492,18301,range.zrange,160.0
5133.553,18351,stateEstimate.z,0.184453085064888
5133.553,18351,stateEstimate.vz,0.2683894634246826
5133.553,18351,posCtl.targetZ,0.360975980758667
5133.553,18351,acc.z,1.0141366720199585
5133.553,18351,range.zrange,183.0
5177.339,18401,stateEstimate.z,0.1979628950357437
5177.339,18401,stateEstimate.vz,0.2778678834438324
5177.339,18401,posCtl.targetZ,0.360975980758667
5177.339,18401,acc.z,1.0221525430679321
5177.339,18401,range.zrange,195.0
5228.375,18451,stateEstimate.z,0.21297305822372437
5228.375,18451,stateEstimate.vz,0.2967876195907593
5228.375,18451,posCtl.targetZ,0.360975980758667
5228.375,18451,acc.z,0.9983652830123901
5228.375,18451,range.zrange,211.0
5278.222,18501,stateEstimate.z,0.22921162843704224
5278.222,18501,stateEstimate.vz,0.305768758058548
5278.222,18501,posCtl.targetZ,0.360975980758667
5278.222,18501,acc.z,0.9859450459480286
5278.222,18501,range.zrange,225.0
5327.53,18551,stateEstimate.z,0.2455739974975586
5327.53,18551,stateEstimate.vz,0.3071276843547821
5327.53,18551,posCtl.targetZ,0.4005332589149475
5327.53,18551,acc.z,0.9841213226318359
5327.53,18551,range.zrange,241.0
5377.781,18601,stateEstimate.z,0.2609735429286957
5377.781,18601,stateEstimate.vz,0.30790650844573975
5377.781,18601,posCtl.targetZ,0.4005332589149475
5377.781,18601,acc.z,1.0169392824172974
5377.781,18601,range.zrange,252.0
5427.659,18651,stateEstimate.z,0.27487799525260925
5427.659,18651,stateEstimate.vz,0.298973023891449
5427.659,18651,posCtl.targetZ,0.4005332589149475
5427.659,18651,acc.z,0.9817795753479004
5427.659,18651,range.zrange,264.0
5476.889,18701,stateEstimate.z,0.2882450520992279
5476.889,18701,stateEstimate.vz,0.28168582916259766
5476.889,18701,posCtl.targetZ,0.4005332589149475
5476.889,18701,acc.z,0.9888656139373779
5476.889,18701,range.zrange,275.0
5535.88,18752,stateEstimate.z,0.3021247386932373
5535.88,18752,stateEstimate.vz,0.27302223443984985
5535.88,18752,posCtl.targetZ,0.4005332589149475
5535.88,18752,acc.z,0.9534330368041992
5535.88,18752,range.zrange,299.0
5582.517,18801,stateEstimate.z,0.31353744864463806
5582.517,18801,stateEstimate.vz,0.2501620054244995
5582.517,18801,posCtl.targetZ,0.4005332589149475
5582.517,18801,acc.z,0.9663751125335693
5582.517,18801,range.zrange,313.0
5627.44,18851,stateEstimate.z,0.32676437497138977
5627.44,18851,stateEstimate.vz,0.24171005189418793
5627.44,18851,posCtl.targetZ,0.4005332589149475
5627.44,18851,acc.z,0.974323570728302
5627.44,18851,range.zrange,326.0
5678.558,18901,stateEstimate.z,0.3367350399494171
5678.558,18901,stateEstimate.vz,0.21724724769592285
5678.558,18901,posCtl.targetZ,0.4005332589149475
5678.558,18901,acc.z,0.967873752117157
5678.558,18901,range.zrange,332.0
5729.568,18951,stateEstimate.z,0.3488680422306061
5729.568,18951,stateEstimate.vz,0.2110099345445633
5729.568,18951,posCtl.targetZ,0.4005332589149475
5729.568,18951,acc.z,0.9509788751602173
5729.568,18951,range.zrange,347.0
5777.082,19001,stateEstimate.z,0.3598591983318329
5777.082,19001,stateEstimate.vz,0.197577565908432
5777.082,19001,posCtl.targetZ,0.4005332589149475
5777.082,19001,acc.z,0.9662781953811646
5777.082,19001,range.zrange,357.0
5827.662,19051,stateEstimate.z,0.37072598934173584
5827.662,19051,stateEstimate.vz,0.18474586308002472
5827.662,19051,posCtl.targetZ,0.4005332589149475
5827.662,19051,acc.z,0.9604158401489258
5827.662,19051,range.zrange,367.0
5876.86,19101,stateEstimate.z,0.37974175810813904
5876.86,19101,stateEstimate.vz,0.1652160882949829
5876.86,19101,posCtl.targetZ,0.4005332589149475
5876.86,19101,acc.z,0.9479917287826538
5876.86,19101,range.zrange,375.0
5927.383,19151,stateEstimate.z,0.3866848349571228
5927.383,19151,stateEstimate.vz,0.1346244066953659
5927.383,19151,posCtl.targetZ,0.4005332589149475
5927.383,19151,acc.z,0.9695186614990234
5927.383,19151,range.zrange,380.0
5980.013,19201,stateEstimate.z,0.3928830623626709
5980.013,19201,stateEstimate.vz,0.11298437416553497
5980.013,19201,posCtl.targetZ,0.4005332589149475
5980.013,19201,acc.z,0.9522477388381958
5980.013,19201,range.zrange,388.0
6028.029,19251,stateEstimate.z,0.39812782406806946
6028.029,19251,stateEstimate.vz,0.09503527730703354
6028.029,19251,posCtl.targetZ,0.4005332589149475
6028.029,19251,acc.z,0.9604126811027527
6028.029,19251,range.zrange,399.0
6077.966,19301,stateEstimate.z,0.4026033878326416
6077.966,19301,stateEstimate.vz,0.08003509789705276
6077.966,19301,posCtl.targetZ,0.4005332589149475
6077.966,19301,acc.z,0.9772201180458069
6077.966,19301,range.zrange,402.0
6128.317,19351,stateEstimate.z,0.40523743629455566
6128.317,19351,stateEstimate.vz,0.06507491320371628
6128.317,19351,posCtl.targetZ,0.4005332589149475
6128.317,19351,acc.z,0.9915837645530701
6128.317,19351,range.zrange,403.0
6177.315,19401,stateEstimate.z,0.40913262963294983
6177.315,19401,stateEstimate.vz,0.061990316957235336
6177.315,19401,posCtl.targetZ,0.4005332589149475
6177.315,19401,acc.z,0.9803674221038818
6177.315,19401,range.zrange,409.0
6226.848,19451,stateEstimate.z,0.41333314776420593
6226.848,19451,stateEstimate.vz,0.0562601238489151
6226.848,19451,posCtl.targetZ,0.4005332589149475
6226.848,19451,acc.z,1.0228424072265625
6226.848,19451,range.zrange,414.0
6276.529,19501,stateEstimate.z,0.41629600524902344
6276.529,19501,stateEstimate.vz,0.053275469690561295
6276.529,19501,posCtl.targetZ,0.4005332589149475
6276.529,19501,acc.z,0.9799852967262268
6276.529,19501,range.zrange,415.0
6327.234,19551,stateEstimate.z,0.41761791706085205
6327.234,19551,stateEstimate.vz,0.0402391143143177
6327.234,19551,posCtl.targetZ,0.4005332589149475
6327.234,19551,acc.z,0.9853204488754272
6327.234,19551,range.zrange,415.0
6379.619,19601,stateEstimate.z,0.4195036292076111
6379.619,19601,stateEstimate.vz,0.03478662297129631
6379.619,19601,posCtl.targetZ,0.4005332589149475
6379.619,19601,acc.z,0.9853590726852417
6379.619,19601,range.zrange,418.0
6435.115,19652,stateEstimate.z,0.42117348313331604
6435.115,19652,stateEstimate.vz,0.029095090925693512
6435.115,19652,posCtl.targetZ,0.4005332589149475
6435.115,19652,acc.z,0.9929352402687073
6435.115,19652,range.zrange,421.0
6479.375,19701,stateEstimate.z,0.422637015581131
6479.375,19701,stateEstimate.vz,0.02904721535742283
6479.375,19701,posCtl.targetZ,0.4005332589149475
6479.375,19701,acc.z,0.9970656037330627
6479.375,19701,range.zrange,426.0
6528.225,19751,stateEstimate.z,0.42489874362945557
6528.225,19751,stateEstimate.vz,0.029760047793388367
6528.225,19751,posCtl.targetZ,0.4005332589149475
6528.225,19751,acc.z,1.0174071788787842
6528.225,19751,range.zrange,429.0
6577.676,19801,stateEstimate.z,0.4267573356628418
6577.676,19801,stateEstimate.vz,0.02948278933763504
6577.676,19801,posCtl.targetZ,0.4005332589149475
6577.676,19801,acc.z,1.0013031959533691
6577.676,19801,range.zrange,430.0
6627.727,19851,stateEstimate.z,0.42750871181488037
6627.727,19851,stateEstimate.vz,0.028584491461515427
6627.727,19851,posCtl.targetZ,0.4005332589149475
6627.727,19851,acc.z,1.014341115951538
6627.727,19851,range.zrange,429.0
6677.453,19901,stateEstimate.z,0.4289437234401703
6677.453,19901,stateEstimate.vz,0.029531043022871017
6677.453,19901,posCtl.targetZ,0.4005332589149475
6677.453,19901,acc.z,1.0214622020721436
6677.453,19901,range.zrange,431.0
6727.675,19951,stateEstimate.z,0.43077290058135986
6727.675,19951,stateEstimate.vz,0.03733889013528824
6727.675,19951,posCtl.targetZ,0.4005332589149475
6727.675,19951,acc.z,0.9805701375007629
6727.675,19951,range.zrange,432.0
6777.727,20001,stateEstimate.z,0.43161582946777344
6777.727,20001,stateEstimate.vz,0.026289379224181175
6777.727,20001,posCtl.targetZ,0.4005332589149475
6777.727,20001,acc.z,1.0017852783203125
6777.727,20001,range.zrange,431.0
6827.209,20051,stateEstimate.z,0.4327007234096527
6827.209,20051,stateEstimate.vz,0.01977880299091339
6827.209,20051,posCtl.targetZ,0.4005332589149475
6827.209,20051,acc.z,0.9798212051391602
6827.209,20051,range.zrange,433.0
6883.497,20101,stateEstimate.z,0.4341686964035034
6883.497,20101,stateEstimate.vz,0.014964012429118156
6883.497,20101,posCtl.targetZ,0.4005332589149475
6883.497,20101,acc.z,0.9955018758773804
6883.497,20101,range.zrange,436.0
6928.625,20151,stateEstimate.z,0.4347882866859436
6928.625,20151,stateEstimate.vz,0.009147068485617638
6928.625,20151,posCtl.targetZ,0.4005332589149475
6928.625,20151,acc.z,1.0014406442642212
6928.625,20151,range.zrange,435.0
6976.671,20201,stateEstimate.z,0.4342781603336334
6976.671,20201,stateEstimate.vz,0.002476715948432684
6976.671,20201,posCtl.targetZ,0.4005332589149475
6976.671,20201,acc.z,0.9822583794593811
6976.671,20201,range.zrange,433.0
7027.436,20251,stateEstimate.z,0.43475404381752014
7027.436,20251,stateEstimate.vz,0.010009942576289177
7027.436,20251,posCtl.targetZ,0.4005332589149475
7027.436,20251,acc.z,1.0007835626602173
7027.436,20251,range.zrange,435.0
7076.983,20301,stateEstimate.z,0.4342847764492035
7076.983,20301,stateEstimate.vz,0.0026378207840025425
7076.983,20301,posCtl.targetZ,0.4005332589149475
7076.983,20301,acc.z,1.00213623046875
7076.983,20301,range.zrange,433.0
7126.317,20351,stateEstimate.z,0.43572384119033813
7126.317,20351,stateEstimate.vz,0.012608742341399193
7126.317,20351,posCtl.targetZ,0.4005332589149475
7126.317,20351,acc.z,0.9937357306480408
7126.317,20351,range.zrange,437.0
7176.83,20401,stateEstimate.z,0.4361858367919922
7176.83,20401,stateEstimate.vz,0.009319108910858631
7176.83,20401,posCtl.targetZ,0.4005332589149475
7176.83,20401,acc.z,0.9990963935852051
7176.83,20401,range.zrange,436.0
7226.454,20451,stateEstimate.z,0.4379080832004547
7226.454,20451,stateEstimate.vz,0.014538436196744442
7226.454,20451,posCtl.targetZ,0.4005332589149475
7226.454,20451,acc.z,0.9959207773208618
7226.454,20451,range.zrange,439.0
7276.171,20501,stateEstimate.z,0.4374672472476959
7276.171,20501,stateEstimate.vz,0.003518464043736458
7276.171,20501,posCtl.targetZ,0.4005332589149475
7276.171,20501,acc.z,0.9938589334487915
7276.171,20501,range.zrange,436.0
7331.862,20551,stateEstimate.z,0.43776261806488037
7331.862,20551,stateEstimate.vz,0.003314010798931122
7331.862,20551,posCtl.targetZ,0.4005332589149475
7331.862,20551,acc.z,1.0051549673080444
7331.862,20551,range.zrange,438.0
7377.022,20601,stateEstimate.z,0.437062531709671
7377.022,20601,stateEstimate.vz,-0.008097633719444275
7377.022,20601,posCtl.targetZ,0.4005332589149475
7377.022,20601,acc.z,0.9723504781723022
7377.022,20601,range.zrange,436.0
7426.467,20651,stateEstimate.z,0.4367171823978424
7426.467,20651,stateEstimate.vz,-0.006900817155838013
7426.467,20651,posCtl.targetZ,0.4005332589149475
7426.467,20651,acc.z,1.0312482118606567
7426.467,20651,range.zrange,437.0
7476.558,20701,stateEstimate.z,0.4358084797859192
7476.558,20701,stateEstimate.vz,-0.008879934437572956
7476.558,20701,posCtl.targetZ,0.4005332589149475
7476.558,20701,acc.z,0.9902576208114624
7476.558,20701,range.zrange,435.0
7527.883,20751,stateEstimate.z,0.4365259110927582
7527.883,20751,stateEstimate.vz,0.0012684715911746025
7527.883,20751,posCtl.targetZ,0.4005332589149475
7527.883,20751,acc.z,1.0125120878219604
7527.883,20751,range.zrange,438.0
7576.092,20801,stateEstimate.z,0.4364221394062042
7576.092,20801,stateEstimate.vz,0.007470650598406792
7576.092,20801,posCtl.targetZ,0.4005332589149475
7576.092,20801,acc.z,1.0286014080047607
7576.092,20801,range.zrange,436.0
7626.626,20851,stateEstimate.z,0.4371393620967865
7626.626,20851,stateEstimate.vz,0.013943949714303017
7626.626,20851,posCtl.targetZ,0.4005332589149475
7626.626,20851,acc.z,1.0093119144439697
7626.626,20851,range.zrange,437.0
7676.514,20901,stateEstimate.z,0.4360007345676422
7676.514,20901,stateEstimate.vz,0.011123036965727806
7676.514,20901,posCtl.targetZ,0.4005332589149475
7676.514,20901,acc.z,0.9867947697639465
7676.514,20901,range.zrange,433.0
7726.351,20951,stateEstimate.z,0.43480047583580017
7726.351,20951,stateEstimate.vz,0.006984829902648926
7726.351,20951,posCtl.targetZ,0.4005332589149475
7726.351,20951,acc.z,1.0092506408691406
7726.351,20951,range.zrange,394.0
7781.855,21001,stateEstimate.z,0.4382825791835785
7781.855,21001,stateEstimate.vz,0.025031059980392456
7781.855,21001,posCtl.targetZ,0.4005332589149475
7781.855,21001,acc.z,1.00504469871521
7781.855,21001,range.zrange,190.0
7827.94,21051,stateEstimate.z,0.4423027038574219
7827.94,21051,stateEstimate.vz,0.039144303649663925
7827.94,21051,posCtl.targetZ,0.4005332589149475
7827.94,21051,acc.z,0.9948041439056396
7827.94,21051,range.zrange,174.0
7878.088,21101,stateEstimate.z,0.4444994330406189
7878.088,21101,stateEstimate.vz,0.03447195887565613
7878.088,21101,posCtl.targetZ,0.4005332589149475
7878.088,21101,acc.z,0.9808708429336548
7878.088,21101,range.zrange,172.0
7926.98,21151,stateEstimate.z,0.4453493356704712
7926.98,21151,stateEstimate.vz,0.020076390355825424
7926.98,21151,posCtl.targetZ,0.4005332589149475
7926.98,21151,acc.z,1.0145715475082397
7926.98,21151,range.zrange,172.0
7976.726,21201,stateEstimate.z,0.44537457823753357
7976.726,21201,stateEstimate.vz,0.006948910653591156
7976.726,21201,posCtl.targetZ,0.4005332589149475
7976.726,21201,acc.z,0.9548062086105347
7976.726,21201,range.zrange,172.0
8026.282,21251,stateEstimate.z,0.44512873888015747
8026.282,21251,stateEstimate.vz,-0.007159659639000893
8026.282,21251,posCtl.targetZ,0.4005332589149475
8026.282,21251,acc.z,0.9914634227752686
8026.282,21251,range.zrange,173.0
8075.377,21301,stateEstimate.z,0.4436160922050476
8075.377,21301,stateEstimate.vz,-0.01850873790681362
8075.377,21301,posCtl.targetZ,0.4005332589149475
8075.377,21301,acc.z,1.0000985860824585
8075.377,21301,range.zrange,171.0
8126.357,21351,stateEstimate.z,0.4433705508708954
8126.357,21351,stateEstimate.vz,-0.01719617284834385
8126.357,21351,posCtl.targetZ,0.4005332589149475
8126.357,21351,acc.z,0.9941633939743042
8126.357,21351,range.zrange,173.0
8177.394,21401,stateEstimate.z,0.4422553777694702
8177.394,21401,stateEstimate.vz,-0.019819030538201332
8177.394,21401,posCtl.targetZ,0.4005332589149475
8177.394,21401,acc.z,0.9866651892662048
8177.394,21401,range.zrange,171.0
8231.476,21451,stateEstimate.z,0.44026803970336914
8231.476,21451,stateEstimate.vz,-0.02495899796485901
8231.476,21451,posCtl.targetZ,0.4005332589149475
8231.476,21451,acc.z,1.001915454864502
8231.476,21451,range.zrange,169.0
8276.37,21501,stateEstimate.z,0.43752071261405945
8276.37,21501,stateEstimate.vz,-0.03493171185255051
8276.37,21501,posCtl.targetZ,0.4005332589149475
8276.37,21501,acc.z,0.9952647089958191
8276.37,21501,range.zrange,164.0
8326.233,21551,stateEstimate.z,0.43603527545928955
8326.233,21551,stateEstimate.vz,-0.027643002569675446
8326.233,21551,posCtl.targetZ,0.4005332589149475
8326.233,21551,acc.z,1.0078403949737549
8326.233,21551,range.zrange,165.0
8376.74,21601,stateEstimate.z,0.434192419052124
8376.74,21601,stateEstimate.vz,-0.0252400990575552
8376.74,21601,posCtl.targetZ,0.4005332589149475
8376.74,21601,acc.z,1.0188168287277222
8376.74,21601,range.zrange,162.0
8425.304,21651,stateEstimate.z,0.4315063953399658
8425.304,21651,stateEstimate.vz,-0.02330402284860611
8425.304,21651,posCtl.targetZ,0.4005332589149475
8425.304,21651,acc.z,1.038924217224121
8425.304,21651,range.zrange,158.0
8475.751,21701,stateEstimate.z,0.42917904257774353
8475.751,21701,stateEstimate.vz,-0.022280501201748848
8475.751,21701,posCtl.targetZ,0.4005332589149475
8475.751,21701,acc.z,1.0214054584503174
8475.751,21701,range.zrange,157.0
8528.695,21751,stateEstimate.z,0.4302370250225067
8528.695,21751,stateEstimate.vz,-0.004716053605079651
8528.695,21751,posCtl.targetZ,0.4005332589149475
8528.695,21751,acc.z,1.0234462022781372
8528.695,21751,range.zrange,162.0
8577.666,21801,stateEstimate.z,0.43032321333885193
8577.666,21801,stateEstimate.vz,-0.0015420429408550262
8577.666,21801,posCtl.targetZ,0.4005332589149475
8577.666,21801,acc.z,1.0241482257843018
8577.666,21801,range.zrange,198.0
8625.89,21851,stateEstimate.z,0.43188297748565674
8625.89,21851,stateEstimate.vz,0.006851308047771454
8625.89,21851,posCtl.targetZ,0.4005332589149475
8625.89,21851,acc.z,1.0078641176223755
8625.89,21851,range.zrange,416.0
8679.504,21901,stateEstimate.z,0.43401259183883667
8679.504,21901,stateEstimate.vz,0.014274445362389088
8679.504,21901,posCtl.targetZ,0.4005332589149475
8679.504,21901,acc.z,1.020933985710144
8679.504,21901,range.zrange,427.0
8726.613,21951,stateEstimate.z,0.433982253074646
8726.613,21951,stateEstimate.vz,0.013087978586554527
8726.613,21951,posCtl.targetZ,0.4005332589149475
8726.613,21951,acc.z,0.9818076491355896
8726.613,21951,range.zrange,427.0
8775.198,22001,stateEstimate.z,0.43442243337631226
8775.198,22001,stateEstimate.vz,0.004123358987271786
8775.198,22001,posCtl.targetZ,0.4005332589149475
8775.198,22001,acc.z,1.0047119855880737
8775.198,22001,range.zrange,428.0
8825.694,22051,stateEstimate.z,0.436007559299469
8825.694,22051,stateEstimate.vz,0.014240698888897896
8825.694,22051,posCtl.targetZ,0.4005332589149475
8825.694,22051,acc.z,0.9783371090888977
8825.694,22051,range.zrange,431.0
8876.015,22101,stateEstimate.z,0.43651083111763
8876.015,22101,stateEstimate.vz,0.009906405583024025
8876.015,22101,posCtl.targetZ,0.4005332589149475
8876.015,22101,acc.z,0.9914493560791016
8876.015,22101,range.zrange,429.0
8925.902,22151,stateEstimate.z,0.4345085322856903
8925.902,22151,stateEstimate.vz,-0.006666036322712898
8925.902,22151,posCtl.targetZ,0.4005332589149475
8925.902,22151,acc.z,0.9931225180625916
8925.902,22151,range.zrange,424.0
8975.438,22201,stateEstimate.z,0.4338669180870056
8975.438,22201,stateEstimate.vz,-0.010769622400403023
8975.438,22201,posCtl.targetZ,0.4005332589149475
8975.438,22201,acc.z,1.0000391006469727
8975.438,22201,range.zrange,426.0
9024.906,22251,stateEstimate.z,0.43224719166755676
9024.906,22251,stateEstimate.vz,-0.012808660976588726
9024.906,22251,posCtl.targetZ,0.4005332589149475
9024.906,22251,acc.z,1.013676404953003
9024.906,22251,range.zrange,423.0
9076.904,22301,stateEstimate.z,0.4303782284259796
9076.904,22301,stateEstimate.vz,-0.017994841560721397
9076.904,22301,posCtl.targetZ,0.4005332589149475
9076.904,22301,acc.z,1.016424536705017
9076.904,22301,range.zrange,421.0
9131.25,22351,stateEstimate.z,0.4308091700077057
9131.25,22351,stateEstimate.vz,-0.005582183599472046
9131.25,22351,posCtl.targetZ,0.4005332589149475
9131.25,22351,acc.z,1.01590895652771
9131.25,22351,range.zrange,424.0
9177.477,22401,stateEstimate.z,0.4277796447277069
9177.477,22401,stateEstimate.vz,-0.01775939203798771
9177.477,22401,posCtl.targetZ,0.4005332589149475
9177.477,22401,acc.z,1.0173956155776978
9177.477,22401,range.zrange,415.0
9224.541,22451,stateEstimate.z,0.4267176389694214
9224.541,22451,stateEstimate.vz,-0.01867309771478176
9224.541,22451,posCtl.targetZ,0.4005332589149475
9224.541,22451,acc.z,0.9893180727958679
9224.541,22451,range.zrange,418.0
9274.624,22501,stateEstimate.z,0.42650288343429565
9274.624,22501,stateEstimate.vz,-0.006697238888591528
9274.624,22501,posCtl.targetZ,0.4005332589149475
9274.624,22501,acc.z,1.006686806678772
9274.624,22501,range.zrange,419.0
9325.52,22551,stateEstimate.z,0.4259740114212036
9325.52,22551,stateEstimate.vz,-0.0004015556478407234
9325.52,22551,posCtl.targetZ,0.4005332589149475
9325.52,22551,acc.z,1.0039207935333252
9325.52,22551,range.zrange,417.0
9375.725,22601,stateEstimate.z,0.42545652389526367
9375.725,22601,stateEstimate.vz,0.00243073096498847
9375.725,22601,posCtl.targetZ,0.40053239464759827
9375.725,22601,acc.z,0.9969893097877502
9375.725,22601,range.zrange,416.0
9427.137,22651,stateEstimate.z,0.42522627115249634
9427.137,22651,stateEstimate.vz,0.004985846113413572
9427.137,22651,posCtl.targetZ,0.40053239464759827
9427.137,22651,acc.z,1.0153625011444092
9427.137,22651,range.zrange,416.0
9475.673,22701,stateEstimate.z,0.4258793592453003
9475.673,22701,stateEstimate.vz,0.014629976823925972
9475.673,22701,posCtl.targetZ,0.40053239464759827
9475.673,22701,acc.z,0.9947814345359802
9475.673,22701,range.zrange,417.0
9526.3,22751,stateEstimate.z,0.4260006248950958
9526.3,22751,stateEstimate.vz,0.016778340563178062
9526.3,22751,posCtl.targetZ,0.40053239464759827
9526.3,22751,acc.z,1.004944920539856
9526.3,22751,range.zrange,416.0
9582.364,22801,stateEstimate.z,0.42545807361602783
9582.364,22801,stateEstimate.vz,0.00998048484325409
9582.364,22801,posCtl.targetZ,0.36045145988464355
9582.364,22801,acc.z,0.9921780824661255
9582.364,22801,range.zrange,417.0
9628.773,22851,stateEstimate.z,0.42560359835624695
9628.773,22851,stateEstimate.vz,-0.004060783889144659
9628.773,22851,posCtl.targetZ,0.36045145988464355
9628.773,22851,acc.z,0.9571374654769897
9628.773,22851,range.zrange,417.0
9674.851,22901,stateEstimate.z,0.42555364966392517
9674.851,22901,stateEstimate.vz,-0.020094767212867737
9674.851,22901,posCtl.targetZ,0.36045145988464355
9674.851,22901,acc.z,0.952564537525177
9674.851,22901,range.zrange,418.0
9724.603,22951,stateEstimate.z,0.42446544766426086
9724.603,22951,stateEstimate.vz,-0.03959277644753456
9724.603,22951,posCtl.targetZ,0.36045145988464355
9724.603,22951,acc.z,0.9577518701553345
9724.603,22951,range.zrange,417.0
9776.567,23001,stateEstimate.z,0.4215269982814789
9776.567,23001,stateEstimate.vz,-0.06223607808351517
9776.567,23001,posCtl.targetZ,0.3203911781311035
9776.567,23001,acc.z,0.9539414644241333
9776.567,23001,range.zrange,413.0
9825.023,23051,stateEstimate.z,0.41824406385421753
9825.023,23051,stateEstimate.vz,-0.08818075060844421
9825.023,23051,posCtl.targetZ,0.3203911781311035
9825.023,23051,acc.z,0.9319275617599487
9825.023,23051,range.zrange,412.0
9875.25,23101,stateEstimate.z,0.4121778905391693
9875.25,23101,stateEstimate.vz,-0.12563598155975342
9875.25,23101,posCtl.targetZ,0.3203911781311035
9875.25,23101,acc.z,0.9346091747283936
9875.25,23101,range.zrange,406.0
9925.997,23151,stateEstimate.z,0.4066034257411957
9925.997,23151,stateEstimate.vz,-0.14168693125247955
9925.997,23151,posCtl.targetZ,0.3203911781311035
9925.997,23151,acc.z,0.9800326824188232
9925.997,23151,range.zrange,407.0
9975.046,23201,stateEstimate.z,0.3977121114730835
9975.046,23201,stateEstimate.vz,-0.16698762774467468
9975.046,23201,posCtl.targetZ,0.2803133428096771
9975.046,23201,acc.z,0.9439672827720642
9975.046,23201,range.zrange,394.0
10033.689,23252,stateEstimate.z,0.38860079646110535
10033.689,23252,stateEstimate.vz,-0.19629605114459991
10033.689,23252,posCtl.targetZ,0.2803133428096771
10033.689,23252,acc.z,0.9675127267837524
10033.689,23252,range.zrange,379.0
10080.936,23301,stateEstimate.z,0.3802708685398102
10080.936,23301,stateEstimate.vz,-0.19456544518470764
10080.936,23301,posCtl.targetZ,0.2803133428096771
10080.936,23301,acc.z,1.0022982358932495
10080.936,23301,range.zrange,374.0
10127.052,23352,stateEstimate.z,0.3686752915382385
10127.052,23352,stateEstimate.vz,-0.2071477472782135
10127.052,23352,posCtl.targetZ,0.2803133428096771
10127.052,23352,acc.z,1.0115299224853516
10127.052,23352,range.zrange,360.0
10176.216,23402,stateEstimate.z,0.35845810174942017
10176.216,23402,stateEstimate.vz,-0.20064154267311096
10176.216,23402,posCtl.targetZ,0.24022874236106873
10176.216,23402,acc.z,1.0064680576324463
10176.216,23402,range.zrange,352.0
10228.028,23452,stateEstimate.z,0.3481650948524475
10228.028,23452,stateEstimate.vz,-0.19550201296806335
10228.028,23452,posCtl.targetZ,0.24022874236106873
10228.028,23452,acc.z,1.0110492706298828
10228.028,23452,range.zrange,343.0
10276.426,23502,stateEstimate.z,0.3368445336818695
10276.426,23502,stateEstimate.vz,-0.19636154174804688
10276.426,23502,posCtl.targetZ,0.24022874236106873
10276.426,23502,acc.z,1.0077153444290161
10276.426,23502,range.zrange,330.0
10325.821,23552,stateEstimate.z,0.3274138569831848
10325.821,23552,stateEstimate.vz,-0.1836102306842804
10325.821,23552,posCtl.targetZ,0.24022874236106873
10325.821,23552,acc.z,1.0515124797821045
10325.821,23552,range.zrange,325.0
10375.894,23602,stateEstimate.z,0.32007208466529846
10375.894,23602,stateEstimate.vz,-0.15493832528591156
10375.894,23602,posCtl.targetZ,0.20016756653785706
10375.894,23602,acc.z,1.0350075960159302
10375.894,23602,range.zrange,318.0
10426.855,23652,stateEstimate.z,0.312968373298645
10426.855,23652,stateEstimate.vz,-0.14849059283733368
10426.855,23652,posCtl.targetZ,0.20016756653785706
10426.855,23652,acc.z,0.9740883111953735
10426.855,23652,range.zrange,311.0
10483.848,23702,stateEstimate.z,0.30451130867004395
10483.848,23702,stateEstimate.vz,-0.16206048429012299
10483.848,23702,posCtl.targetZ,0.20016756653785706
10483.848,23702,acc.z,0.9714695811271667
10483.848,23702,range.zrange,298.0
10528.066,23752,stateEstimate.z,0.29795658588409424
10528.066,23752,stateEstimate.vz,-0.16340814530849457
10528.066,23752,posCtl.targetZ,0.20016756653785706
10528.066,23752,acc.z,0.9825760126113892
10528.066,23752,range.zrange,291.0
10574.279,23801,stateEstimate.z,0.2905040979385376
10574.279,23801,stateEstimate.vz,-0.1655089408159256
10574.279,23801,posCtl.targetZ,0.16008977591991425
10574.279,23801,acc.z,0.9662229418754578
10574.279,23801,range.zrange,285.0
10625.049,23851,stateEstimate.z,0.28307971358299255
10625.049,23851,stateEstimate.vz,-0.17523574829101562
10625.049,23851,posCtl.targetZ,0.16008977591991425
10625.049,23851,acc.z,0.9482173919677734
10625.049,23851,range.zrange,278.0
10674.819,23901,stateEstimate.z,0.2713881731033325
10674.819,23901,stateEstimate.vz,-0.21660418808460236
10674.819,23901,posCtl.targetZ,0.16008977591991425
10674.819,23901,acc.z,0.9272615313529968
10674.819,23901,range.zrange,264.0
10726.086,23951,stateEstimate.z,0.2581802308559418
10726.086,23951,stateEstimate.vz,-0.2579514682292938
10726.086,23951,posCtl.targetZ,0.16008977591991425
10726.086,23951,acc.z,0.94798743724823
10726.086,23951,range.zrange,252.0
10774.853,24001,stateEstimate.z,0.24498572945594788
10774.853,24001,stateEstimate.vz,-0.2791447043418884
10774.853,24001,posCtl.targetZ,0.11993317306041718
10774.853,24001,acc.z,0.9447576999664307
10774.853,24001,range.zrange,245.0
10825.706,24052,stateEstimate.z,0.2289614975452423
10825.706,24052,stateEstimate.vz,-0.3126078248023987
10825.706,24052,posCtl.targetZ,0.11993317306041718
10825.706,24052,acc.z,0.9628967642784119
10825.706,24052,range.zrange,228.0
10876.711,24101,stateEstimate.z,0.21107149124145508
10876.711,24101,stateEstimate.vz,-0.32277795672416687
10876.711,24101,posCtl.targetZ,0.11993317306041718
10876.711,24101,acc.z,1.0203086137771606
10876.711,24101,range.zrange,213.0
10930.294,24151,stateEstimate.z,0.1917819082736969
10930.294,24151,stateEstimate.vz,-0.3275591731071472
10930.294,24151,posCtl.targetZ,0.11993317306041718
10930.294,24151,acc.z,1.030160903930664
10930.294,24151,range.zrange,182.0
10976.882,24201,stateEstimate.z,0.17508354783058167
10976.882,24201,stateEstimate.vz,-0.3126399517059326
10976.882,24201,posCtl.targetZ,0.07988524436950684
10976.882,24201,acc.z,1.0469536781311035
10976.882,24201,range.zrange,166.0
11025.27,24251,stateEstimate.z,0.1590101718902588
11025.27,24251,stateEstimate.vz,-0.2987786829471588
11025.27,24251,posCtl.targetZ,0.07988524436950684
11025.27,24251,acc.z,1.0326896905899048
11025.27,24251,range.zrange,152.0
11074.615,24301,stateEstimate.z,0.1455247402191162
11074.615,24301,stateEstimate.vz,-0.2697908580303192
11074.615,24301,posCtl.targetZ,0.07988524436950684
11074.615,24301,acc.z,1.0730996131896973
11074.615,24301,range.zrange,141.0
11125.232,24352,stateEstimate.z,0.1323501616716385
11125.232,24352,stateEstimate.vz,-0.2401435226202011
11125.232,24352,posCtl.targetZ,0.07988524436950684
11125.232,24352,acc.z,1.0668526887893677
11125.232,24352,range.zrange,128.0
11175.565,24402,stateEstimate.z,0.12204919010400772
11175.565,24402,stateEstimate.vz,-0.200458362698555
11175.565,24402,posCtl.targetZ,0.039842844009399414
11175.565,24402,acc.z,1.0629608631134033
11175.565,24402,range.zrange,121.0
11225.092,24452,stateEstimate.z,0.11419304460287094
11225.092,24452,stateEstimate.vz,-0.1685168296098709
11225.092,24452,posCtl.targetZ,0.039842844009399414
11225.092,24452,acc.z,1.0566844940185547
11225.092,24452,range.zrange,113.0
11276.04,24502,stateEstimate.z,0.10732988268136978
11276.04,24502,stateEstimate.vz,-0.14667658507823944
11276.04,24502,posCtl.targetZ,0.039842844009399414
11276.04,24502,acc.z,1.0129261016845703
11276.04,24502,range.zrange,106.0
