975.097,291422,stateEstimate.z,0.02300667203962803
975.097,291422,stateEstimate.vz,-9.796973608899862e-05
975.097,291422,posCtl.targetZ,0.0
975.097,291422,acc.z,1.0011978149414062
975.097,291422,range.zrange,23.0
1024.547,291472,stateEstimate.z,0.020954076200723648
1024.547,291472,stateEstimate.vz,-0.001182385254651308
1024.547,291472,posCtl.targetZ,0.0
1024.547,291472,acc.z,1.0033175945281982
1024.547,291472,range.zrange,19.0
1074.659,291522,stateEstimate.z,0.0217694491147995
1074.659,291522,stateEstimate.vz,0.00185302272439003
1074.659,291522,posCtl.targetZ,0.0
1074.659,291522,acc.z,1.0020726919174194
1074.659,291522,range.zrange,23.0
1123.614,291572,stateEstimate.z,0.020277831703424454
1123.614,291572,stateEstimate.vz,-0.004742917604744434
1123.614,291572,posCtl.targetZ,0.0
1123.614,291572,acc.z,1.0008662939071655
1123.614,291572,range.zrange,18.0
1174.199,291622,stateEstimate.z,0.01949164643883705
1174.199,291622,stateEstimate.vz,-0.0073154522106051445
1174.199,291622,posCtl.targetZ,0.0
1174.199,291622,acc.z,1.0011086463928223
1174.199,291622,range.zrange,19.0
1225.625,291672,stateEstimate.z,0.019930986687541008
1225.625,291672,stateEstimate.vz,-0.0037132410798221827
1225.625,291672,posCtl.targetZ,0.0
1225.625,291672,acc.z,1.0010569095611572
1225.625,291672,range.zrange,21.0
1273.941,291722,stateEstimate.z,0.0203726664185524
1273.941,291722,stateEstimate.vz,-0.0013537324266508222
1273.941,291722,posCtl.targetZ,0.0
1273.941,291722,acc.z,1.002851963043213
1273.941,291722,range.zrange,19.0
1325.756,291772,stateEstimate.z,0.020189544185996056
1325.756,291772,stateEstimate.vz,-0.0014450046001002192
1325.756,291772,posCtl.targetZ,0.0
1325.756,291772,acc.z,0.9995939135551453
1325.756,291772,range.zrange,20.0
1374.133,291822,stateEstimate.z,0.02179589867591858
1374.133,291822,stateEstimate.vz,0.0077643427066504955
1374.133,291822,posCtl.targetZ,0.0
1374.133,291822,acc.z,1.002524733543396
1374.133,291822,range.zrange,24.0
1425.284,291872,stateEstimate.z,0.021743949502706528
1425.284,291872,stateEstimate.vz,0.006050530355423689
1425.284,291872,posCtl.targetZ,0.0
1425.284,291872,acc.z,0.9989981651306152
1425.284,291872,range.zrange,21.0
1473.294,291922,stateEstimate.z,0.023007569834589958
1473.294,291922,stateEstimate.vz,0.01036421861499548
1473.294,291922,posCtl.targetZ,0.0
1473.294,291922,acc.z,0.9954339861869812
1473.294,291922,range.zrange,24.0
1524.355,291972,stateEstimate.z,0.02164904586970806
1524.355,291972,stateEstimate.vz,0.00199732999317348
1524.355,291972,posCtl.targetZ,0.0
1524.355,291972,acc.z,1.0009433031082153
1524.355,291972,range.zrange,19.0
1574.181,292022,stateEstimate.z,0.022914821282029152
1574.181,292022,stateEstimate.vz,0.007791884243488312
1574.181,292022,posCtl.targetZ,0.0
1574.181,292022,acc.z,1.0005412101745605
1574.181,292022,range.zrange,24.0
1623.641,292072,stateEstimate.z,0.02235175110399723
1623.641,292072,stateEstimate.vz,0.004345111548900604
1623.641,292072,posCtl.targetZ,0.0
1623.641,292072,acc.z,1.0013142824172974
1623.641,292072,range.zrange,20.0
1674.007,292122,stateEstimate.z,0.02126486785709858
1674.007,292122,stateEstimate.vz,-0.0013162664836272597
1674.007,292122,posCtl.targetZ,0.0
1674.007,292122,acc.z,0.998416006565094
1674.007,292122,range.zrange,21.0
1724.0,292172,stateEstimate.z,0.02109391801059246
1724.0,292172,stateEstimate.vz,-0.001969023374840617
1724.0,292172,posCtl.targetZ,0.0
1724.0,292172,acc.z,0.9996508359909058
1724.0,292172,range.zrange,21.0
1778.625,292222,stateEstimate.z,0.020543018355965614
1778.625,292222,stateEstimate.vz,-0.0041335951536893845
1778.625,292222,posCtl.targetZ,0.0
1778.625,292222,acc.z,1.0005605220794678
1778.625,292222,range.zrange,20.0
1823.75,292272,stateEstimate.z,0.020629893988370895
1823.75,292272,stateEstimate.vz,-0.0022480690386146307
1823.75,292272,posCtl.targetZ,0.0
1823.75,292272,acc.z,1.0023521184921265
1823.75,292272,range.zrange,21.0
1874.366,292322,stateEstimate.z,0.020738545805215836
1874.366,292322,stateEstimate.vz,-0.00048639101441949606
1874.366,292322,posCtl.targetZ,0.0
1874.366,292322,acc.z,1.0013402700424194
1874.366,292322,range.zrange,21.0
1924.223,292372,stateEstimate.z,0.021824970841407776
1924.223,292372,stateEstimate.vz,0.004994939547032118
1924.223,292372,posCtl.targetZ,0.0
1924.223,292372,acc.z,1.000142216682434
1924.223,292372,range.zrange,23.0
1973.644,292422,stateEstimate.z,0.021659577265381813
1973.644,292422,stateEstimate.vz,0.0033490622881799936
1973.644,292422,posCtl.targetZ,0.0
1973.644,292422,acc.z,0.9992254972457886
1973.644,292422,range.zrange,21.0
2025.202,292472,stateEstimate.z,0.02276110276579857
2025.202,292472,stateEstimate.vz,0.007703959476202726
2025.202,292472,posCtl.targetZ,0.0
2025.202,292472,acc.z,1.0008562803268433
2025.202,292472,range.zrange,23.0
2074.125,292522,stateEstimate.z,0.019997114315629005
2074.125,292522,stateEstimate.vz,-1.3545359252020717e-05
2074.125,292522,posCtl.targetZ,0.0
2074.125,292522,acc.z,0.9992706775665283
2074.125,292522,range.zrange,20.0
2124.403,292572,stateEstimate.z,0.020533563569188118
2124.403,292572,stateEstimate.vz,0.0007455928716808558
2124.403,292572,posCtl.targetZ,0.0
2124.403,292572,acc.z,0.9984239339828491
2124.403,292572,range.zrange,21.0
2174.004,292622,stateEstimate.z,0.020359445363283157
2174.004,292622,stateEstimate.vz,6.452172237914056e-05
2174.004,292622,posCtl.targetZ,0.0
2174.004,292622,acc.z,1.0002706050872803
2174.004,292622,range.zrange,20.0
2225.832,292672,stateEstimate.z,0.021022208034992218
2225.832,292672,stateEstimate.vz,0.002834690734744072
2225.832,292672,posCtl.targetZ,0.0
2225.832,292672,acc.z,0.9998131990432739
2225.832,292672,range.zrange,22.0
2273.689,292722,stateEstimate.z,0.019875595346093178
2273.689,292722,stateEstimate.vz,-0.0032034290488809347
2273.689,292722,posCtl.targetZ,0.0
2273.689,292722,acc.z,1.0011799335479736
2273.689,292722,range.zrange,18.0
2324.55,292772,stateEstimate.z,0.02030767686665058
2324.55,292772,stateEstimate.vz,0.00035432795993983746
2324.55,292772,posCtl.targetZ,0.0
2324.55,292772,acc.z,0.9999350309371948
2324.55,292772,range.zrange,21.0
2373.883,292822,stateEstimate.z,0.020407039672136307
2373.883,292822,stateEstimate.vz,0.000550554774235934
2373.883,292822,posCtl.targetZ,0.0
2373.883,292822,acc.z,1.0008655786514282
2373.883,292822,range.zrange,20.0
2424.298,292872,stateEstimate.z,0.019426411017775536
2424.298,292872,stateEstimate.vz,-0.005102656781673431
2424.298,292872,posCtl.targetZ,0.0
2424.298,292872,acc.z,1.0006093978881836
2424.298,292872,range.zrange,18.0
2473.953,292922,stateEstimate.z,0.020767206326127052
2473.953,292922,stateEstimate.vz,0.0036824792623519897
2473.953,292922,posCtl.targetZ,0.0
2473.953,292922,acc.z,1.000748872756958
2473.953,292922,range.zrange,23.0
2522.846,292972,stateEstimate.z,0.020996494218707085
2522.846,292972,stateEstimate.vz,0.00435441080480814
2522.846,292972,posCtl.targetZ,0.0
2522.846,292972,acc.z,1.0000643730163574
2522.846,292972,range.zrange,21.0
2573.928,293022,stateEstimate.z,0.020741675049066544
2573.928,293022,stateEstimate.vz,0.002354233292862773
2573.928,293022,posCtl.targetZ,0.0
2573.928,293022,acc.z,1.000319242477417
2573.928,293022,range.zrange,20.0
2623.019,293072,stateEstimate.z,0.021849127486348152
2623.019,293072,stateEstimate.vz,0.00786829087883234
2623.019,293072,posCtl.targetZ,0.0
2623.019,293072,acc.z,1.0016813278198242
2623.019,293072,range.zrange,23.0
2674.344,293122,stateEstimate.z,0.022710558027029037
2674.344,293122,stateEstimate.vz,0.010198752395808697
2674.344,293122,posCtl.targetZ,0.0
2674.344,293122,acc.z,1.0005109310150146
2674.344,293122,range.zrange,23.0
2723.34,293172,stateEstimate.z,0.022857321426272392
2723.34,293172,stateEstimate.vz,0.008859957568347454
2723.34,293172,posCtl.targetZ,0.0
2723.34,293172,acc.z,0.9990172982215881
2723.34,293172,range.zrange,21.0
2772.942,293222,stateEstimate.z,0.021872658282518387
2772.942,293222,stateEstimate.vz,0.002096279989928007
2772.942,293222,posCtl.targetZ,0.0
2772.942,293222,acc.z,1.0011284351348877
2772.942,293222,range.zrange,21.0
2823.159,293272,stateEstimate.z,0.02161535806953907
2823.159,293272,stateEstimate.vz,0.0009552994160912931
2823.159,293272,posCtl.targetZ,0.0
2823.159,293272,acc.z,0.9995933771133423
2823.159,293272,range.zrange,21.0
2873.253,293322,stateEstimate.z,0.022230101749300957
2873.253,293322,stateEstimate.vz,0.004181071184575558
2873.253,293322,posCtl.targetZ,0.0
2873.253,293322,acc.z,1.000325083732605
2873.253,293322,range.zrange,23.0
2924.632,293372,stateEstimate.z,0.022725174203515053
2924.632,293372,stateEstimate.vz,0.006012540310621262
2924.632,293372,posCtl.targetZ,0.0
2924.632,293372,acc.z,1.0017213821411133
2924.632,293372,range.zrange,23.0
2973.082,293422,stateEstimate.z,0.023082803934812546
2973.082,293422,stateEstimate.vz,0.0067540318705141544
2973.082,293422,posCtl.targetZ,0.0
2973.082,293422,acc.z,1.0009169578552246
2973.082,293422,range.zrange,23.0
3023.349,293472,stateEstimate.z,0.021969174966216087
3023.349,293472,stateEstimate.vz,-1.3324432075023651e-05
3023.349,293472,posCtl.targetZ,0.0
3023.349,293472,acc.z,0.9993103742599487
3023.349,293472,range.zrange,20.0
3072.736,293522,stateEstimate.z,0.020587632432579994
3072.736,293522,stateEstimate.vz,-0.00605835160240531
3072.736,293522,posCtl.targetZ,9.059905892172537e-07
3072.736,293522,acc.z,0.9916151762008667
3072.736,293522,range.zrange,19.0
3123.695,293572,stateEstimate.z,0.021116286516189575
3123.695,293572,stateEstimate.vz,-0.0008266641525551677
3123.695,293572,posCtl.targetZ,9.059905892172537e-07
3123.695,293572,acc.z,0.9973376989364624
3123.695,293572,range.zrange,22.0
3175.441,293622,stateEstimate.z,0.02184143289923668
3175.441,293622,stateEstimate.vz,0.00235350476577878
3175.441,293622,posCtl.targetZ,9.059905892172537e-07
3175.441,293622,acc.z,1.0332366228103638
3175.441,293622,range.zrange,23.0
3224.478,293672,stateEstimate.z,0.02222159504890442
3224.478,293672,stateEstimate.vz,0.014095564372837543
3224.478,293672,posCtl.targetZ,9.059905892172537e-07
3224.478,293672,acc.z,1.017533540725708
3224.478,293672,range.zrange,22.0
3273.37,293722,stateEstimate.z,0.023706607520580292
3273.37,293722,stateEstimate.vz,0.020900536328554153
3273.37,293722,posCtl.targetZ,0.0400693416595459
3273.37,293722,acc.z,1.0397529602050781
3273.37,293722,range.zrange,24.0
3322.936,293772,stateEstimate.z,0.023804938420653343
3322.936,293772,stateEstimate.vz,0.018109872937202454
3322.936,293772,posCtl.targetZ,0.0400693416595459
3322.936,293772,acc.z,1.0123419761657715
3322.936,293772,range.zrange,22.0
3372.588,293822,stateEstimate.z,0.023392707109451294
3372.588,293822,stateEstimate.vz,0.01127101294696331
3372.588,293822,posCtl.targetZ,0.0400693416595459
3372.588,293822,acc.z,1.0051751136779785
3372.588,293822,range.zrange,21.0
3423.49,293872,stateEstimate.z,0.023876557126641273
3423.49,293872,stateEstimate.vz,0.019630076363682747
3423.49,293872,posCtl.targetZ,0.0400693416595459
3423.49,293872,acc.z,1.0180418491363525
3423.49,293872,range.zrange,23.0
3473.538,293922,stateEstimate.z,0.021038837730884552
3473.538,293922,stateEstimate.vz,0.00854611024260521
3473.538,293922,posCtl.targetZ,0.08010534942150116
3473.538,293922,acc.z,1.0439872741699219
3473.538,293922,range.zrange,17.0
3523.492,293972,stateEstimate.z,0.016281381249427795
3523.492,293972,stateEstimate.vz,-0.013493048958480358
3523.492,293972,posCtl.targetZ,0.08010534942150116
3523.492,293972,acc.z,1.0384083986282349
3523.492,293972,range.zrange,8.0
3573.101,294022,stateEstimate.z,0.011019374243915081
3573.101,294022,stateEstimate.vz,-0.02641991525888443
3573.101,294022,posCtl.targetZ,0.08010534942150116
3573.101,294022,acc.z,1.048677921295166
3573.101,294022,range.zrange,5.0
3624.053,294072,stateEstimate.z,0.007020330987870693
3624.053,294072,stateEstimate.vz,-0.01644231006503105
3624.053,294072,posCtl.targetZ,0.08010534942150116
3624.053,294072,acc.z,1.0661259889602661
3624.053,294072,range.zrange,7.0
3673.891,294122,stateEstimate.z,0.004309685900807381
3673.891,294122,stateEstimate.vz,0.01227137353271246
3673.891,294122,posCtl.targetZ,0.12026991695165634
3673.891,294122,acc.z,1.0780510902404785
3673.891,294122,range.zrange,8.0
3723.524,294172,stateEstimate.z,0.008420602418482304
3723.524,294172,stateEstimate.vz,0.07209422439336777
3723.524,294172,posCtl.targetZ,0.12026991695165634
3723.524,294172,acc.z,1.0629990100860596
3723.524,294172,range.zrange,11.0
3778.323,294222,stateEstimate.z,0.016958016902208328
3778.323,294222,stateEstimate.vz,0.12565451860427856
3778.323,294222,posCtl.targetZ,0.12026991695165634
3778.323,294222,acc.z,1.0539119243621826
3778.323,294222,range.zrange,18.0
3823.889,294272,stateEstimate.z,0.0296210665255785
3823.889,294272,stateEstimate.vz,0.16985443234443665
3823.889,294272,posCtl.targetZ,0.12026991695165634
3823.889,294272,acc.z,1.0124809741973877
3823.889,294272,range.zrange,42.0
3873.093,294322,stateEstimate.z,0.05323191359639168
3873.093,294322,stateEstimate.vz,0.24752400815486908
3873.093,294322,posCtl.targetZ,0.16030697524547577
3873.093,294322,acc.z,0.9805021286010742
3873.093,294322,range.zrange,64.0
3922.32,294372,stateEstimate.z,0.0703933984041214
3922.32,294372,stateEstimate.vz,0.25508710741996765
3922.32,294372,posCtl.targetZ,0.16030697524547577
3922.32,294372,acc.z,0.9213520288467407
3922.32,294372,range.zrange,74.0
3972.609,294422,stateEstimate.z,0.08228153735399246
3972.609,294422,stateEstimate.vz,0.20801445841789246
3972.609,294422,posCtl.targetZ,0.16030697524547577
3972.609,294422,acc.z,0.8928412199020386
3972.609,294422,range.zrange,79.0
4024.089,294472,stateEstimate.z,0.08806950598955154
4024.089,294472,stateEstimate.vz,0.13871034979820251
4024.089,294472,posCtl.targetZ,0.16030697524547577
4024.089,294472,acc.z,0.8777859807014465
4024.089,294472,range.zrange,82.0
4072.996,294522,stateEstimate.z,0.09272497147321701
4072.996,294522,stateEstimate.vz,0.08471998572349548
4072.996,294522,posCtl.targetZ,0.20033612847328186
4072.996,294522,acc.z,0.9082872271537781
4072.996,294522,range.zrange,90.0
4122.378,294572,stateEstimate.z,0.09683869034051895
4122.378,294572,stateEstimate.vz,0.058278705924749374
4122.378,294572,posCtl.targetZ,0.20033612847328186
4122.378,294572,acc.z,0.9857871532440186
4122.378,294572,range.zrange,96.0
4173.256,294622,stateEstimate.z,0.0969468280673027
4173.256,294622,stateEstimate.vz,0.04553290084004402
4173.256,294622,posCtl.targetZ,0.20033612847328186
4173.256,294622,acc.z,1.0084636211395264
4173.256,294622,range.zrange,93.0
4224.209,294672,stateEstimate.z,0.09995242953300476
4224.209,294672,stateEstimate.vz,0.0559500977396965
4224.209,294672,posCtl.targetZ,0.20033612847328186
4224.209,294672,acc.z,1.0457972288131714
4224.209,294672,range.zrange,101.0
4273.906,294722,stateEstimate.z,0.10124266147613525
4273.906,294722,stateEstimate.vz,0.06307622790336609
4273.906,294722,posCtl.targetZ,0.24037523567676544
4273.906,294722,acc.z,1.0462079048156738
4273.906,294722,range.zrange,98.0
4322.028,294772,stateEstimate.z,0.1039033755660057
4322.028,294772,stateEstimate.vz,0.08453548699617386
4322.028,294772,posCtl.targetZ,0.24037523567676544
4322.028,294772,acc.z,1.0663816928863525
4322.028,294772,range.zrange,101.0
4372.915,294822,stateEstimate.z,0.1083160862326622
4372.915,294822,stateEstimate.vz,0.10945014655590057
4372.915,294822,posCtl.targetZ,0.24037523567676544
4372.915,294822,acc.z,1.0505934953689575
4372.915,294822,range.zrange,106.0
4423.829,294872,stateEstimate.z,0.11590506136417389
4423.829,294872,stateEstimate.vz,0.14396947622299194
4423.829,294872,posCtl.targetZ,0.24037523567676544
4423.829,294872,acc.z,1.0507128238677979
4423.829,294872,range.zrange,114.0
4472.747,294922,stateEstimate.z,0.12219776213169098
4472.747,294922,stateEstimate.vz,0.15711642801761627
4472.747,294922,posCtl.targetZ,0.28041180968284607
4472.747,294922,acc.z,1.047743558883667
4472.747,294922,range.zrange,116.0
4524.545,294972,stateEstimate.z,0.12749697268009186
4524.545,294972,stateEstimate.vz,0.16847799718379974
4524.545,294972,posCtl.targetZ,0.28041180968284607
4524.545,294972,acc.z,1.0528103113174438
4524.545,294972,range.zrange,117.0
4572.67,295022,stateEstimate.z,0.13286787271499634
4572.67,295022,stateEstimate.vz,0.17538397014141083
4572.67,295022,posCtl.targetZ,0.28041180968284607
4572.67,295022,acc.z,1.0543948411941528
4572.67,295022,range.zrange,130.0
4622.797,295072,stateEstimate.z,0.1416732221841812
4622.797,295072,stateEstimate.vz,0.19347472488880157
4622.797,295072,posCtl.targetZ,0.28041180968284607
4622.797,295072,acc.z,1.0300757884979248
4622.797,295072,range.zrange,139.0
4672.221,295122,stateEstimate.z,0.15408866107463837
4672.221,295122,stateEstimate.vz,0.22206273674964905
4672.221,295122,posCtl.targetZ,0.3204900622367859
4672.221,295122,acc.z,1.0559650659561157
4672.221,295122,range.zrange,153.0
4723.486,295172,stateEstimate.z,0.16770005226135254
4723.486,295172,stateEstimate.vz,0.26022398471832275
4723.486,295172,posCtl.targetZ,0.3204900622367859
4723.486,295172,acc.z,1.0629172325134277
4723.486,295172,range.zrange,165.0
4774.799,295222,stateEstimate.z,0.18174003064632416
4774.799,295222,stateEstimate.vz,0.2813595235347748
4774.799,295222,posCtl.targetZ,0.3204900622367859
4774.799,295222,acc.z,1.0215990543365479
4774.799,295222,range.zrange,174.0
4822.664,295272,stateEstimate.z,0.19345438480377197
4822.664,295272,stateEstimate.vz,0.2740316390991211
4822.664,295272,posCtl.targetZ,0.3204900622367859
4822.664,295272,acc.z,1.0024497509002686
4822.664,295272,range.zrange,182.0
4871.944,295322,stateEstimate.z,0.20742377638816833
4871.944,295322,stateEstimate.vz,0.2707398235797882
4871.944,295322,posCtl.targetZ,0.36055392026901245
4871.944,295322,acc.z,0.999535322189331
4871.944,295322,range.zrange,197.0
4921.67,295372,stateEstimate.z,0.22177334129810333
4921.67,295372,stateEstimate.vz,0.2772352695465088
4921.67,295372,posCtl.targetZ,0.36055392026901245
4921.67,295372,acc.z,1.0010000467300415
4921.67,295372,range.zrange,223.0
4972.789,295422,stateEstimate.z,0.23772045969963074
4972.789,295422,stateEstimate.vz,0.2925865948200226
4972.789,295422,posCtl.targetZ,0.36055392026901245
4972.789,295422,acc.z,0.9971845149993896
4972.789,295422,range.zrange,237.0
5022.698,295472,stateEstimate.z,0.2542005479335785
5022.698,295472,stateEstimate.vz,0.2987588047981262
5022.698,295472,posCtl.targetZ,0.36055392026901245
5022.698,295472,acc.z,0.9904282093048096
5022.698,295472,range.zrange,254.0
5084.934,295522,stateEstimate.z,0.2680867910385132
5084.934,295522,stateEstimate.vz,0.2888180911540985
5084.934,295522,posCtl.targetZ,0.40034276247024536
5084.934,295522,acc.z,0.9842309355735779
5084.934,295522,range.zrange,261.0
5123.814,295572,stateEstimate.z,0.28106746077537537
5123.814,295572,stateEstimate.vz,0.274736613035202
5123.814,295572,posCtl.targetZ,0.40034276247024536
5123.814,295572,acc.z,0.9879443049430847
5123.814,295572,range.zrange,271.0
5173.447,295622,stateEstimate.z,0.29396384954452515
5173.447,295622,stateEstimate.vz,0.2659243047237396
5173.447,295622,posCtl.targetZ,0.40034276247024536
5173.447,295622,acc.z,0.988511323928833
5173.447,295622,range.zrange,285.0
5224.322,295672,stateEstimate.z,0.30734536051750183
5224.322,295672,stateEstimate.vz,0.25372228026390076
5224.322,295672,posCtl.targetZ,0.40034276247024536
5224.322,295672,acc.z,0.9799729585647583
5224.322,295672,range.zrange,297.0
5271.944,295722,stateEstimate.z,0.3202579617500305
5271.944,295722,stateEstimate.vz,0.2432916760444641
5271.944,295722,posCtl.targetZ,0.40034276247024536
5271.944,295722,acc.z,0.994392454624176
5271.944,295722,range.zrange,311.0
5323.239,295772,stateEstimate.z,0.3332537114620209
5323.239,295772,stateEstimate.vz,0.23703287541866302
5323.239,295772,posCtl.targetZ,0.40034276247024536
5323.239,295772,acc.z,0.9793103933334351
5323.239,295772,range.zrange,332.0
5372.001,295822,stateEstimate.z,0.3449818789958954
5372.001,295822,stateEstimate.vz,0.22401633858680725
5372.001,295822,posCtl.targetZ,0.40034276247024536
5372.001,295822,acc.z,0.9634627103805542
5372.001,295822,range.zrange,343.0
5422.099,295872,stateEstimate.z,0.3541463315486908
5422.099,295872,stateEstimate.vz,0.19631542265415192
5422.099,295872,posCtl.targetZ,0.40034276247024536
5422.099,295872,acc.z,0.9606983065605164
5422.099,295872,range.zrange,348.0
5472.498,295922,stateEstimate.z,0.3621774911880493
5472.498,295922,stateEstimate.vz,0.16883519291877747
5472.498,295922,posCtl.targetZ,0.40034276247024536
5472.498,295922,acc.z,0.9580321311950684
5472.498,295922,range.zrange,357.0
5522.713,295972,stateEstimate.z,0.36804884672164917
5522.713,295972,stateEstimate.vz,0.13682588934898376
5522.713,295972,posCtl.targetZ,0.40034276247024536
5522.713,295972,acc.z,0.9739353060722351
5522.713,295972,range.zrange,361.0
5571.912,296022,stateEstimate.z,0.3756853938102722
5571.912,296022,stateEstimate.vz,0.12596002221107483
5571.912,296022,posCtl.targetZ,0.40034276247024536
5571.912,296022,acc.z,0.966088056564331
5571.912,296022,range.zrange,372.0
5622.768,296072,stateEstimate.z,0.3821035921573639
5622.768,296072,stateEstimate.vz,0.11501464247703552
5622.768,296072,posCtl.targetZ,0.40034276247024536
5622.768,296072,acc.z,0.9999110102653503
5622.768,296072,range.zrange,378.0
5672.749,296122,stateEstimate.z,0.3877808451652527
5672.749,296122,stateEstimate.vz,0.10719966888427734
5672.749,296122,posCtl.targetZ,0.40034276247024536
5672.749,296122,acc.z,0.9771870374679565
5672.749,296122,range.zrange,388.0
5726.229,296172,stateEstimate.z,0.3929104506969452
5726.229,296172,stateEstimate.vz,0.09701529890298843
5726.229,296172,posCtl.targetZ,0.40034276247024536
5726.229,296172,acc.z,0.9672303199768066
5726.229,296172,range.zrange,392.0
5776.751,296222,stateEstimate.z,0.3981647491455078
5776.751,296222,stateEstimate.vz,0.09161614626646042
5776.751,296222,posCtl.targetZ,0.40034276247024536
5776.751,296222,acc.z,0.9851288199424744
5776.751,296222,range.zrange,397.0
5822.648,296272,stateEstimate.z,0.40122535824775696
5822.648,296272,stateEstimate.vz,0.07311783730983734
5822.648,296272,posCtl.targetZ,0.40034276247024536
5822.648,296272,acc.z,0.9708260893821716
5822.648,296272,range.zrange,398.0
5871.833,296322,stateEstimate.z,0.40339919924736023
5871.833,296322,stateEstimate.vz,0.058045390993356705
5871.833,296322,posCtl.targetZ,0.40034276247024536
5871.833,296322,acc.z,1.0016119480133057
5871.833,296322,range.zrange,400.0
5921.436,296372,stateEstimate.z,0.4060913324356079
5921.436,296372,stateEstimate.vz,0.055510614067316055
5921.436,296372,posCtl.targetZ,0.40034276247024536
5921.436,296372,acc.z,1.000470757484436
5921.436,296372,range.zrange,405.0
5971.125,296422,stateEstimate.z,0.4101259410381317
5971.125,296422,stateEstimate.vz,0.05927003547549248
5971.125,296422,posCtl.targetZ,0.40034276247024536
5971.125,296422,acc.z,1.0017554759979248
5971.125,296422,range.zrange,410.0
6022.687,296472,stateEstimate.z,0.4116658568382263
6022.687,296472,stateEstimate.vz,0.04645686596632004
6022.687,296472,posCtl.targetZ,0.40034276247024536
6022.687,296472,acc.z,0.9845906496047974
6022.687,296472,range.zrange,411.0
6072.794,296522,stateEstimate.z,0.4135783016681671
6072.794,296522,stateEstimate.vz,0.04285573214292526
6072.794,296522,posCtl.targetZ,0.40034276247024536
6072.794,296522,acc.z,1.0063531398773193
6072.794,296522,range.zrange,414.0
6121.461,296572,stateEstimate.z,0.4159480333328247
6121.461,296572,stateEstimate.vz,0.04373563826084137
6121.461,296572,posCtl.targetZ,0.40034276247024536
6121.461,296572,acc.z,1.0127813816070557
6121.461,296572,range.zrange,416.0
6172.372,296622,stateEstimate.z,0.41782936453819275
6172.372,296622,stateEstimate.vz,0.04497325047850609
6172.372,296622,posCtl.targetZ,0.40034276247024536
6172.372,296622,acc.z,0.9829344749450684
6172.372,296622,range.zrange,417.0
6221.739,296672,stateEstimate.z,0.4198450744152069
6221.739,296672,stateEstimate.vz,0.04157039895653725
6221.739,296672,posCtl.targetZ,0.40034276247024536
6221.739,296672,acc.z,1.0084655284881592
6221.739,296672,range.zrange,419.0
6271.236,296722,stateEstimate.z,0.4204774498939514
6271.236,296722,stateEstimate.vz,0.03552445024251938
6271.236,296722,posCtl.targetZ,0.40034276247024536
6271.236,296722,acc.z,0.9893987774848938
6271.236,296722,range.zrange,418.0
6322.295,296772,stateEstimate.z,0.4214926064014435
6322.295,296772,stateEstimate.vz,0.027160685509443283
6322.295,296772,posCtl.targetZ,0.40034276247024536
6322.295,296772,acc.z,0.9963068962097168
6322.295,296772,range.zrange,420.0
6372.261,296822,stateEstimate.z,0.42371606826782227
6372.261,296822,stateEstimate.vz,0.029580820351839066
6372.261,296822,posCtl.targetZ,0.40034276247024536
6372.261,296822,acc.z,1.0020720958709717
6372.261,296822,range.zrange,424.0
6421.98,296872,stateEstimate.z,0.42491263151168823
6421.98,296872,stateEstimate.vz,0.025610478594899178
6421.98,296872,posCtl.targetZ,0.40034276247024536
6421.98,296872,acc.z,0.9943350553512573
6421.98,296872,range.zrange,424.0
6472.886,296922,stateEstimate.z,0.4257892072200775
6472.886,296922,stateEstimate.vz,0.023908181115984917
6472.886,296922,posCtl.targetZ,0.40034276247024536
6472.886,296922,acc.z,1.0023434162139893
6472.886,296922,range.zrange,425.0
6521.318,296972,stateEstimate.z,0.4287751615047455
6521.318,296972,stateEstimate.vz,0.03321285918354988
6521.318,296972,posCtl.targetZ,0.40034276247024536
6521.318,296972,acc.z,1.012993335723877
6521.318,296972,range.zrange,431.0
6571.364,297022,stateEstimate.z,0.4300740957260132
6571.364,297022,stateEstimate.vz,0.031124942004680634
6571.364,297022,posCtl.targetZ,0.40034276247024536
6571.364,297022,acc.z,0.9999728202819824
6571.364,297022,range.zrange,429.0
6623.311,297072,stateEstimate.z,0.43065422773361206
6623.311,297072,stateEstimate.vz,0.024139251559972763
6623.311,297072,posCtl.targetZ,0.40034276247024536
6623.311,297072,acc.z,1.0133262872695923
6623.311,297072,range.zrange,429.0
6674.713,297122,stateEstimate.z,0.4331384301185608
6674.713,297122,stateEstimate.vz,0.02780182845890522
6674.713,297122,posCtl.targetZ,0.40034276247024536
6674.713,297122,acc.z,1.017798662185669
6674.713,297122,range.zrange,434.0
6721.313,297172,stateEstimate.z,0.43346139788627625
6721.313,297172,stateEstimate.vz,0.020534757524728775
6721.313,297172,posCtl.targetZ,0.40034276247024536
6721.313,297172,acc.z,0.9948022961616516
6721.313,297172,range.zrange,431.0
6771.124,297222,stateEstimate.z,0.4346695840358734
6771.124,297222,stateEstimate.vz,0.016692159697413445
6771.124,297222,posCtl.targetZ,0.40034276247024536
6771.124,297222,acc.z,0.9902368783950806
6771.124,297222,range.zrange,435.0
6822.04,297272,stateEstimate.z,0.43683335185050964
6822.04,297272,stateEstimate.vz,0.020989786833524704
6822.04,297272,posCtl.targetZ,0.40034276247024536
6822.04,297272,acc.z,1.0029428005218506
6822.04,297272,range.zrange,439.0
6870.571,297322,stateEstimate.z,0.4354971945285797
6870.571,297322,stateEstimate.vz,0.0014840355142951012
6870.571,297322,posCtl.targetZ,0.40034276247024536
6870.571,297322,acc.z,0.9802495837211609
6870.571,297322,range.zrange,432.0
6921.327,297372,stateEstimate.z,0.43519583344459534
6921.327,297372,stateEstimate.vz,-0.00445189606398344
6921.327,297372,posCtl.targetZ,0.40034276247024536
6921.327,297372,acc.z,0.99835205078125
6921.327,297372,range.zrange,435.0
6971.928,297422,stateEstimate.z,0.4350125193595886
6971.928,297422,stateEstimate.vz,0.0002256659499835223
6971.928,297422,posCtl.targetZ,0.40034276247024536
6971.928,297422,acc.z,1.021435022354126
6971.928,297422,range.zrange,435.0
7023.3,297472,stateEstimate.z,0.43609461188316345
7023.3,297472,stateEstimate.vz,0.010929279960691929
7023.3,297472,posCtl.targetZ,0.40034276247024536
7023.3,297472,acc.z,0.9926712512969971
7023.3,297472,range.zrange,437.0
7071.826,297522,stateEstimate.z,0.43454569578170776
7071.826,297522,stateEstimate.vz,-0.00012785647413693368
7071.826,297522,posCtl.targetZ,0.40034276247024536
7071.826,297522,acc.z,1.000612735748291
7071.826,297522,range.zrange,432.0
7121.997,297572,stateEstimate.z,0.4333914518356323
7121.997,297572,stateEstimate.vz,-0.0026663951575756073
7121.997,297572,posCtl.targetZ,0.40034276247024536
7121.997,297572,acc.z,0.9975814819335938
7121.997,297572,range.zrange,436.0
7171.614,297622,stateEstimate.z,0.43344420194625854
7171.614,297622,stateEstimate.vz,-0.004542648326605558
7171.614,297622,posCtl.targetZ,0.40034276247024536
7171.614,297622,acc.z,1.0127002000808716
7171.614,297622,range.zrange,432.0
7221.938,297672,stateEstimate.z,0.43436622619628906
7221.938,297672,stateEstimate.vz,0.003293919377028942
7221.938,297672,posCtl.targetZ,0.40034276247024536
7221.938,297672,acc.z,1.0041307210922241
7221.938,297672,range.zrange,436.0
7271.471,297722,stateEstimate.z,0.4348280131816864
7271.471,297722,stateEstimate.vz,0.010199231095612049
7271.471,297722,posCtl.targetZ,0.40034276247024536
7271.471,297722,acc.z,0.9983108639717102
7271.471,297722,range.zrange,435.0
7320.796,297772,stateEstimate.z,0.4365635812282562
7320.796,297772,stateEstimate.vz,0.018300585448741913
7320.796,297772,posCtl.targetZ,0.40034276247024536
7320.796,297772,acc.z,0.994682788848877
7320.796,297772,range.zrange,438.0
7371.029,297822,stateEstimate.z,0.4361840784549713
7371.029,297822,stateEstimate.vz,0.010003949515521526
7371.029,297822,posCtl.targetZ,0.40034276247024536
7371.029,297822,acc.z,0.9998446702957153
7371.029,297822,range.zrange,434.0
7421.478,297872,stateEstimate.z,0.4364636540412903
7421.478,297872,stateEstimate.vz,0.007601493038237095
7421.478,297872,posCtl.targetZ,0.40034276247024536
7421.478,297872,acc.z,0.990398108959198
7421.478,297872,range.zrange,436.0
7472.061,297922,stateEstimate.z,0.4360508620738983
7472.061,297922,stateEstimate.vz,0.0016788626089692116
7472.061,297922,posCtl.targetZ,0.40034276247024536
7472.061,297922,acc.z,0.9998407363891602
7472.061,297922,range.zrange,435.0
7520.758,297972,stateEstimate.z,0.43407925963401794
7520.758,297972,stateEstimate.vz,-0.0062313987873494625
7520.758,297972,posCtl.targetZ,0.40034276247024536
7520.758,297972,acc.z,0.9943061470985413
7520.758,297972,range.zrange,434.0
7573.465,298022,stateEstimate.z,0.43468260765075684
7573.465,298022,stateEstimate.vz,-0.0006833308725617826
7573.465,298022,posCtl.targetZ,0.40034276247024536
7573.465,298022,acc.z,1.0092437267303467
7573.465,298022,range.zrange,436.0
7620.977,298072,stateEstimate.z,0.4347606897354126
7620.977,298072,stateEstimate.vz,-0.0005678653251379728
7620.977,298072,posCtl.targetZ,0.40034276247024536
7620.977,298072,acc.z,1.0210877656936646
7620.977,298072,range.zrange,435.0
7670.676,298122,stateEstimate.z,0.4345853328704834
7670.676,298122,stateEstimate.vz,0.0054670232348144054
7670.676,298122,posCtl.targetZ,0.40034276247024536
7670.676,298122,acc.z,1.0074398517608643
7670.676,298122,range.zrange,434.0
7720.824,298172,stateEstimate.z,0.43677303194999695
7720.824,298172,stateEstimate.vz,0.014154515229165554
7720.824,298172,posCtl.targetZ,0.40034276247024536
7720.824,298172,acc.z,0.9940550327301025
7720.824,298172,range.zrange,439.0
7771.571,298222,stateEstimate.z,0.43739181756973267
7771.571,298222,stateEstimate.vz,0.01383520569652319
7771.571,298222,posCtl.targetZ,0.40034276247024536
7771.571,298222,acc.z,1.0262309312820435
7771.571,298222,range.zrange,437.0
7821.674,298272,stateEstimate.z,0.43743762373924255
7821.674,298272,stateEstimate.vz,0.011724558658897877
7821.674,298272,posCtl.targetZ,0.40034276247024536
7821.674,298272,acc.z,1.0002168416976929
7821.674,298272,range.zrange,436.0
7872.663,298322,stateEstimate.z,0.43897712230682373
7872.663,298322,stateEstimate.vz,0.016787143424153328
7872.663,298322,posCtl.targetZ,0.40034276247024536
7872.663,298322,acc.z,0.9796780347824097
7872.663,298322,range.zrange,441.0
7920.024,298372,stateEstimate.z,0.43897390365600586
7920.024,298372,stateEstimate.vz,0.0036041629500687122
7920.024,298372,posCtl.targetZ,0.40034276247024536
7920.024,298372,acc.z,0.9797655344009399
7920.024,298372,range.zrange,438.0
7971.969,298422,stateEstimate.z,0.4380464553833008
7971.969,298422,stateEstimate.vz,-0.010680954903364182
7971.969,298422,posCtl.targetZ,0.40034276247024536
7971.969,298422,acc.z,0.9813854098320007
7971.969,298422,range.zrange,437.0
8021.139,298472,stateEstimate.z,0.4388429820537567
8021.139,298472,stateEstimate.vz,-0.005844768136739731
8021.139,298472,posCtl.targetZ,0.40034276247024536
8021.139,298472,acc.z,0.9980509281158447
8021.139,298472,range.zrange,441.0
8071.73,298522,stateEstimate.z,0.4383140504360199
8071.73,298522,stateEstimate.vz,-0.004043441265821457
8071.73,298522,posCtl.targetZ,0.40034276247024536
8071.73,298522,acc.z,1.0081171989440918
8071.73,298522,range.zrange,438.0
8120.974,298572,stateEstimate.z,0.4399808943271637
8120.974,298572,stateEstimate.vz,0.008855425752699375
8120.974,298572,posCtl.targetZ,0.40034276247024536
8120.974,298572,acc.z,1.004671335220337
8120.974,298572,range.zrange,442.0
8171.636,298622,stateEstimate.z,0.43941035866737366
8171.636,298622,stateEstimate.vz,0.002181639662012458
8171.636,298622,posCtl.targetZ,0.40034276247024536
8171.636,298622,acc.z,0.9968608617782593
8171.636,298622,range.zrange,438.0
8221.272,298672,stateEstimate.z,0.43841737508773804
8221.272,298672,stateEstimate.vz,-0.00440983148291707
8221.272,298672,posCtl.targetZ,0.40034276247024536
8221.272,298672,acc.z,0.9781539440155029
8221.272,298672,range.zrange,437.0
8270.878,298722,stateEstimate.z,0.4383516311645508
8270.878,298722,stateEstimate.vz,-0.009091868065297604
8270.878,298722,posCtl.targetZ,0.40034276247024536
8270.878,298722,acc.z,0.9829009771347046
8270.878,298722,range.zrange,439.0
8320.579,298772,stateEstimate.z,0.43736547231674194
8320.579,298772,stateEstimate.vz,-0.015362503007054329
8320.579,298772,posCtl.targetZ,0.40034276247024536
8320.579,298772,acc.z,0.9979305267333984
8320.579,298772,range.zrange,437.0
8371.086,298822,stateEstimate.z,0.4370487332344055
8371.086,298822,stateEstimate.vz,-0.012508992105722427
8371.086,298822,posCtl.targetZ,0.40034276247024536
8371.086,298822,acc.z,0.9867640733718872
8371.086,298822,range.zrange,438.0
8420.377,298872,stateEstimate.z,0.4365479052066803
8420.377,298872,stateEstimate.vz,-0.0085716238245368
8420.377,298872,posCtl.targetZ,0.40034276247024536
8420.377,298872,acc.z,1.0220777988433838
8420.377,298872,range.zrange,437.0
8470.396,298922,stateEstimate.z,0.4366731345653534
8470.396,298922,stateEstimate.vz,0.004922098480165005
8470.396,298922,posCtl.targetZ,0.40034276247024536
8470.396,298922,acc.z,1.0166983604431152
8470.396,298922,range.zrange,437.0
8521.011,298972,stateEstimate.z,0.4368235170841217
8521.011,298972,stateEstimate.vz,0.011813085526227951
8521.011,298972,posCtl.targetZ,0.40034276247024536
8521.011,298972,acc.z,1.0212461948394775
8521.011,298972,range.zrange,436.0
8570.725,299022,stateEstimate.z,0.43525880575180054
8570.725,299022,stateEstimate.vz,0.009072675369679928
8570.725,299022,posCtl.targetZ,0.40034276247024536
8570.725,299022,acc.z,1.0162527561187744
8570.725,299022,range.zrange,434.0
8620.232,299072,stateEstimate.z,0.4349806606769562
8620.232,299072,stateEstimate.vz,0.004885200876742601
8620.232,299072,posCtl.targetZ,0.40034276247024536
8620.232,299072,acc.z,0.9964421391487122
8620.232,299072,range.zrange,435.0
8671.404,299122,stateEstimate.z,0.43547406792640686
8671.404,299122,stateEstimate.vz,0.001870126579888165
8671.404,299122,posCtl.targetZ,0.40034276247024536
8671.404,299122,acc.z,0.9721459746360779
8671.404,299122,range.zrange,436.0
8720.29,299172,stateEstimate.z,0.4350844621658325
8720.29,299172,stateEstimate.vz,-0.009708687663078308
8720.29,299172,posCtl.targetZ,0.40034276247024536
8720.29,299172,acc.z,0.9932286143302917
8720.29,299172,range.zrange,435.0
8772.672,299222,stateEstimate.z,0.43351349234580994
8772.672,299222,stateEstimate.vz,-0.024391300976276398
8772.672,299222,posCtl.targetZ,0.40034276247024536
8772.672,299222,acc.z,0.9878494143486023
8772.672,299222,range.zrange,433.0
8820.118,299272,stateEstimate.z,0.4322102665901184
8820.118,299272,stateEstimate.vz,-0.024759778752923012
8820.118,299272,posCtl.targetZ,0.40034276247024536
8820.118,299272,acc.z,1.013899803161621
8820.118,299272,range.zrange,433.0
8871.152,299322,stateEstimate.z,0.4297170042991638
8871.152,299322,stateEstimate.vz,-0.028946397826075554
8871.152,299322,posCtl.targetZ,0.40034276247024536
8871.152,299322,acc.z,1.0309380292892456
8871.152,299322,range.zrange,429.0
8920.242,299372,stateEstimate.z,0.42980489134788513
8920.242,299372,stateEstimate.vz,-0.012292570434510708
8920.242,299372,posCtl.targetZ,0.40034276247024536
8920.242,299372,acc.z,1.0222280025482178
8920.242,299372,range.zrange,432.0
8970.439,299422,stateEstimate.z,0.4289563000202179
8970.439,299422,stateEstimate.vz,-0.0021680393256247044
8970.439,299422,posCtl.targetZ,0.40034276247024536
8970.439,299422,acc.z,1.0215727090835571
8970.439,299422,range.zrange,428.0
9020.359,299472,stateEstimate.z,0.4295130670070648
9020.359,299472,stateEstimate.vz,0.011052612215280533
9020.359,299472,posCtl.targetZ,0.40034276247024536
9020.359,299472,acc.z,0.9852996468544006
9020.359,299472,range.zrange,430.0
9070.358,299522,stateEstimate.z,0.43040183186531067
9070.358,299522,stateEstimate.vz,0.009286311455070972
9070.358,299522,posCtl.targetZ,0.40034276247024536
9070.358,299522,acc.z,0.9914475679397583
9070.358,299522,range.zrange,431.0
9121.554,299572,stateEstimate.z,0.4297105073928833
9121.554,299572,stateEstimate.vz,0.006165578030049801
9121.554,299572,posCtl.targetZ,0.40034276247024536
9121.554,299572,acc.z,1.0200445652008057
9121.554,299572,range.zrange,428.0
9170.313,299622,stateEstimate.z,0.43113675713539124
9170.313,299622,stateEstimate.vz,0.021569572389125824
9170.313,299622,posCtl.targetZ,0.40034276247024536
9170.313,299622,acc.z,1.0325982570648193
9170.313,299622,range.zrange,432.0
9220.761,299672,stateEstimate.z,0.43356260657310486
9220.761,299672,stateEstimate.vz,0.033273227512836456
9220.761,299672,posCtl.targetZ,0.40034276247024536
9220.761,299672,acc.z,1.005658507347107
9220.761,299672,range.zrange,434.0
9271.197,299722,stateEstimate.z,0.43335598707199097
9271.197,299722,stateEstimate.vz,0.020867453888058662
9271.197,299722,posCtl.targetZ,0.40034276247024536
9271.197,299722,acc.z,0.9897258281707764
9271.197,299722,range.zrange,430.0
9320.844,299772,stateEstimate.z,0.4356192350387573
9320.844,299772,stateEstimate.vz,0.02170407399535179
9320.844,299772,posCtl.targetZ,0.40034276247024536
9320.844,299772,acc.z,0.9780874848365784
9320.844,299772,range.zrange,438.0
9371.067,299822,stateEstimate.z,0.43558070063591003
9371.067,299822,stateEstimate.vz,0.010486466810107231
9371.067,299822,posCtl.targetZ,0.40034276247024536
9371.067,299822,acc.z,1.0038355588912964
9371.067,299822,range.zrange,434.0
9420.609,299872,stateEstimate.z,0.4355965256690979
9420.609,299872,stateEstimate.vz,0.003734213998541236
9420.609,299872,posCtl.targetZ,0.40034276247024536
9420.609,299872,acc.z,0.9900966882705688
9420.609,299872,range.zrange,435.0
9470.302,299922,stateEstimate.z,0.4348961412906647
9470.302,299922,stateEstimate.vz,-0.00711172167211771
9470.302,299922,posCtl.targetZ,0.40034276247024536
9470.302,299922,acc.z,0.9837601780891418
9470.302,299922,range.zrange,434.0
9519.682,299972,stateEstimate.z,0.43343377113342285
9519.682,299972,stateEstimate.vz,-0.022629639133810997
9519.682,299972,posCtl.targetZ,0.40034276247024536
9519.682,299972,acc.z,0.9647267460823059
9519.682,299972,range.zrange,433.0
9570.348,300022,stateEstimate.z,0.4316670000553131
9570.348,300022,stateEstimate.vz,-0.029934272170066833
9570.348,300022,posCtl.targetZ,0.40034276247024536
9570.348,300022,acc.z,0.9854882955551147
9570.348,300022,range.zrange,432.0
9620.466,300072,stateEstimate.z,0.42992693185806274
9620.466,300072,stateEstimate.vz,-0.030462218448519707
9620.466,300072,posCtl.targetZ,0.40034276247024536
9620.466,300072,acc.z,0.9990797638893127
9620.466,300072,range.zrange,431.0
9669.647,300122,stateEstimate.z,0.42899447679519653
9669.647,300122,stateEstimate.vz,-0.02944979816675186
9669.647,300122,posCtl.targetZ,0.40034276247024536
9669.647,300122,acc.z,1.0009881258010864
9669.647,300122,range.zrange,431.0
9719.652,300172,stateEstimate.z,0.4286503195762634
9719.652,300172,stateEstimate.vz,-0.019926661625504494
9719.652,300172,posCtl.targetZ,0.40034276247024536
9719.652,300172,acc.z,1.0245254039764404
9719.652,300172,range.zrange,429.0
9777.854,300222,stateEstimate.z,0.4282567799091339
9777.854,300222,stateEstimate.vz,-0.012450071051716805
9777.854,300222,posCtl.targetZ,0.40034276247024536
9777.854,300222,acc.z,1.0153582096099854
9777.854,300222,range.zrange,429.0
9820.78,300272,stateEstimate.z,0.42600584030151367
9820.78,300272,stateEstimate.vz,-0.019384391605854034
9820.78,300272,posCtl.targetZ,0.40034276247024536
9820.78,300272,acc.z,1.0185205936431885
9820.78,300272,range.zrange,424.0
9871.9,300322,stateEstimate.z,0.42677903175354004
9871.9,300322,stateEstimate.vz,-0.006117673125118017
9871.9,300322,posCtl.targetZ,0.40034276247024536
9871.9,300322,acc.z,1.0038920640945435
9871.9,300322,range.zrange,429.0
9919.298,300372,stateEstimate.z,0.4257785379886627
9919.298,300372,stateEstimate.vz,-0.010560317896306515
9919.298,300372,posCtl.targetZ,0.40034276247024536
9919.298,300372,acc.z,0.9850682616233826
9919.298,300372,range.zrange,425.0
9970.055,300422,stateEstimate.z,0.4244228005409241
9970.055,300422,stateEstimate.vz,-0.014795565977692604
9970.055,300422,posCtl.targetZ,0.40034276247024536
9970.055,300422,acc.z,1.010362148284912
9970.055,300422,range.zrange,424.0
10020.756,300472,stateEstimate.z,0.4236617386341095
10020.756,300472,stateEstimate.vz,-0.010220813564956188
10020.756,300472,posCtl.targetZ,0.40034276247024536
10020.756,300472,acc.z,1.0205671787261963
10020.756,300472,range.zrange,424.0
10070.409,300522,stateEstimate.z,0.42140746116638184
10070.409,300522,stateEstimate.vz,-0.011964011006057262
10070.409,300522,posCtl.targetZ,0.40034276247024536
10070.409,300522,acc.z,1.0113193988800049
10070.409,300522,range.zrange,419.0
10119.849,300572,stateEstimate.z,0.42045536637306213
10119.849,300572,stateEstimate.vz,-0.013959860429167747
10119.849,300572,posCtl.targetZ,0.40034276247024536
10119.849,300572,acc.z,1.0047473907470703
10119.849,300572,range.zrange,420.0
10169.835,300622,stateEstimate.z,0.4186868369579315
10169.835,300622,stateEstimate.vz,-0.01109391450881958
10169.835,300622,posCtl.targetZ,0.40034276247024536
10169.835,300622,acc.z,1.0069918632507324
10169.835,300622,range.zrange,417.0
10220.114,300672,stateEstimate.z,0.4173155725002289
10220.114,300672,stateEstimate.vz,-0.006942471023648977
10220.114,300672,posCtl.targetZ,0.40034276247024536
10220.114,300672,acc.z,1.007028579711914
10220.114,300672,range.zrange,416.0
10269.45,300722,stateEstimate.z,0.4156836271286011
10269.45,300722,stateEstimate.vz,-0.007504948880523443
10269.45,300722,posCtl.targetZ,0.40034276247024536
10269.45,300722,acc.z,1.0276418924331665
10269.45,300722,range.zrange,414.0
10320.447,300772,stateEstimate.z,0.41541874408721924
10320.447,300772,stateEstimate.vz,0.0035604056902229786
10320.447,300772,posCtl.targetZ,0.40034276247024536
10320.447,300772,acc.z,1.0160144567489624
10320.447,300772,range.zrange,415.0
10370.15,300822,stateEstimate.z,0.4161485433578491
10370.15,300822,stateEstimate.vz,0.018715128302574158
10370.15,300822,posCtl.targetZ,0.40034276247024536
10370.15,300822,acc.z,1.0190365314483643
10370.15,300822,range.zrange,416.0
10419.786,300872,stateEstimate.z,0.4029436707496643
10419.786,300872,stateEstimate.vz,-0.054015498608350754
10419.786,300872,posCtl.targetZ,0.40034276247024536
10419.786,300872,acc.z,1.0012328624725342
10419.786,300872,range.zrange,384.0
10469.294,300922,stateEstimate.z,0.37943682074546814
10469.294,300922,stateEstimate.vz,-0.16067321598529816
10469.294,300922,posCtl.targetZ,0.40034276247024536
10469.294,300922,acc.z,1.0296534299850464
10469.294,300922,range.zrange,350.0
10520.055,300972,stateEstimate.z,0.3433386981487274
10520.055,300972,stateEstimate.vz,-0.27765342593193054
10520.055,300972,posCtl.targetZ,0.40034276247024536
10520.055,300972,acc.z,1.100044846534729
10520.055,300972,range.zrange,307.0
10569.918,301022,stateEstimate.z,0.29975035786628723
10569.918,301022,stateEstimate.vz,-0.3603214919567108
10569.918,301022,posCtl.targetZ,0.40034276247024536
10569.918,301022,acc.z,1.2165956497192383
10569.918,301022,range.zrange,265.0
10619.391,301072,stateEstimate.z,0.2606334984302521
10619.391,301072,stateEstimate.vz,-0.3471216559410095
10619.391,301072,posCtl.targetZ,0.40034276247024536
10619.391,301072,acc.z,1.300995111465454
10619.391,301072,range.zrange,239.0
10670.247,301122,stateEstimate.z,0.23401442170143127
10670.247,301122,stateEstimate.vz,-0.24796034395694733
10670.247,301122,posCtl.targetZ,0.40034276247024536
10670.247,301122,acc.z,1.3541666269302368
10670.247,301122,range.zrange,226.0
10719.793,301172,stateEstimate.z,0.22315692901611328
10719.793,301172,stateEstimate.vz,-0.09112613648176193
10719.793,301172,posCtl.targetZ,0.40034276247024536
10719.793,301172,acc.z,1.3332594633102417
10719.793,301172,range.zrange,226.0
10773.149,301222,stateEstimate.z,0.23036342859268188
10773.149,301222,stateEstimate.vz,0.09987151622772217
10773.149,301222,posCtl.targetZ,0.40034276247024536
10773.149,301222,acc.z,1.3062909841537476
10773.149,301222,range.zrange,268.0
10819.89,301272,stateEstimate.z,0.2792483866214752
10819.89,301272,stateEstimate.vz,0.42329227924346924
10819.89,301272,posCtl.targetZ,0.40034276247024536
10819.89,301272,acc.z,1.2133808135986328
10819.89,301272,range.zrange,309.0
10869.242,301322,stateEstimate.z,0.3298795521259308
10869.242,301322,stateEstimate.vz,0.6394932866096497
10869.242,301322,posCtl.targetZ,0.40034276247024536
10869.242,301322,acc.z,1.074105978012085
10869.242,301322,range.zrange,363.0
10920.9,301372,stateEstimate.z,0.3870604932308197
10920.9,301372,stateEstimate.vz,0.7616751194000244
10920.9,301372,posCtl.targetZ,0.40034276247024536
10920.9,301372,acc.z,0.9060865044593811
10920.9,301372,range.zrange,406.0
10969.968,301422,stateEstimate.z,0.44464245438575745
10969.968,301422,stateEstimate.vz,0.7885303497314453
10969.968,301422,posCtl.targetZ,0.40034276247024536
10969.968,301422,acc.z,0.7676411271095276
10969.968,301422,range.zrange,450.0
11019.4,301472,stateEstimate.z,0.49474450945854187
11019.4,301472,stateEstimate.vz,0.7151272296905518
11019.4,301472,posCtl.targetZ,0.40034276247024536
11019.4,301472,acc.z,0.6466402411460876
11019.4,301472,range.zrange,490.0
11069.251,301522,stateEstimate.z,0.5425655841827393
11069.251,301522,stateEstimate.vz,0.6005337238311768
11069.251,301522,posCtl.targetZ,0.40034276247024536
11069.251,301522,acc.z,0.5597770810127258
11069.251,301522,range.zrange,538.0
11121.135,301572,stateEstimate.z,0.5835990905761719
11121.135,301572,stateEstimate.vz,0.45397627353668213
11121.135,301572,posCtl.targetZ,0.40034276247024536
11121.135,301572,acc.z,0.5602337121963501
11121.135,301572,range.zrange,597.0
11169.482,301622,stateEstimate.z,0.6028707027435303
11169.482,301622,stateEstimate.vz,0.24184218049049377
11169.482,301622,posCtl.targetZ,0.40034276247024536
11169.482,301622,acc.z,0.5234097838401794
11169.482,301622,range.zrange,594.0
11220.878,301672,stateEstimate.z,0.5999162793159485
11220.878,301672,stateEstimate.vz,-0.02916211634874344
11220.878,301672,posCtl.targetZ,0.40034276247024536
11220.878,301672,acc.z,0.5674163103103638
11220.878,301672,range.zrange,586.0
11270.325,301722,stateEstimate.z,0.5841743350028992
11270.325,301722,stateEstimate.vz,-0.27369052171707153
11270.325,301722,posCtl.targetZ,0.40034276247024536
11270.325,301722,acc.z,0.6459801197052002
11270.325,301722,range.zrange,577.0
11319.585,301772,stateEstimate.z,0.556635856628418
11319.585,301772,stateEstimate.vz,-0.46398410201072693
11319.585,301772,posCtl.targetZ,0.40034276247024536
11319.585,301772,acc.z,0.7896111011505127
11319.585,301772,range.zrange,556.0
11369.215,301822,stateEstimate.z,0.5180667042732239
11369.215,301822,stateEstimate.vz,-0.5838961005210876
11369.215,301822,posCtl.targetZ,0.40034276247024536
11369.215,301822,acc.z,0.9664655923843384
11369.215,301822,range.zrange,522.0
11418.929,301872,stateEstimate.z,0.47607535123825073
11418.929,301872,stateEstimate.vz,-0.6206310391426086
11418.929,301872,posCtl.targetZ,0.40034276247024536
11418.929,301872,acc.z,1.125958800315857
11418.929,301872,range.zrange,485.0
11469.397,301922,stateEstimate.z,0.4304600954055786
11469.397,301922,stateEstimate.vz,-0.6011135578155518
11469.397,301922,posCtl.targetZ,0.40034276247024536
11469.397,301922,acc.z,1.2654426097869873
11469.397,301922,range.zrange,427.0
11518.949,301972,stateEstimate.z,0.40365079045295715
11518.949,301972,stateEstimate.vz,-0.45480313897132874
11518.949,301972,posCtl.targetZ,0.40034276247024536
11518.949,301972,acc.z,1.3213999271392822
11518.949,301972,range.zrange,409.0
11569.026,302022,stateEstimate.z,0.38709133863449097
11569.026,302022,stateEstimate.vz,-0.2871512770652771
11569.026,302022,posCtl.targetZ,0.40034276247024536
11569.026,302022,acc.z,1.3101063966751099
11569.026,302022,range.zrange,397.0
11620.101,302072,stateEstimate.z,0.38323161005973816
11620.101,302072,stateEstimate.vz,-0.10767249763011932
11620.101,302072,posCtl.targetZ,0.40034276247024536
11620.101,302072,acc.z,1.2754642963409424
11620.101,302072,range.zrange,395.0
11669.054,302122,stateEstimate.z,0.3823946714401245
11669.054,302122,stateEstimate.vz,-0.0036693206056952477
11669.054,302122,posCtl.targetZ,0.40034276247024536
11669.054,302122,acc.z,1.2073431015014648
11669.054,302122,range.zrange,385.0
11722.1,302172,stateEstimate.z,0.3890482187271118
11722.1,302172,stateEstimate.vz,0.10347332805395126
11722.1,302172,posCtl.targetZ,0.40034276247024536
11722.1,302172,acc.z,1.1122593879699707
11722.1,302172,range.zrange,393.0
11772.402,302222,stateEstimate.z,0.4017888307571411
11772.402,302222,stateEstimate.vz,0.17631417512893677
11772.402,302222,posCtl.targetZ,0.40034276247024536
11772.402,302222,acc.z,1.0282933712005615
11772.402,302222,range.zrange,405.0
11819.71,302272,stateEstimate.z,0.415592223405838
11819.71,302272,stateEstimate.vz,0.19731377065181732
11819.71,302272,posCtl.targetZ,0.40034276247024536
11819.71,302272,acc.z,0.9328121542930603
11819.71,302272,range.zrange,423.0
11869.924,302322,stateEstimate.z,0.42870330810546875
11869.924,302322,stateEstimate.vz,0.18558160960674286
11869.924,302322,posCtl.targetZ,0.40034276247024536
11869.924,302322,acc.z,0.9052198529243469
11869.924,302322,range.zrange,431.0
11918.033,302372,stateEstimate.z,0.43935686349868774
11918.033,302372,stateEstimate.vz,0.1488933116197586
11918.033,302372,posCtl.targetZ,0.40034276247024536
11918.033,302372,acc.z,0.8757975697517395
11918.033,302372,range.zrange,442.0
11969.569,302422,stateEstimate.z,0.4467806816101074
11969.569,302422,stateEstimate.vz,0.09695496410131454
11969.569,302422,posCtl.targetZ,0.40034276247024536
11969.569,302422,acc.z,0.871356725692749
11969.569,302422,range.zrange,448.0
12019.307,302472,stateEstimate.z,0.45248597860336304
12019.307,302472,stateEstimate.vz,0.04675254598259926
12019.307,302472,posCtl.targetZ,0.40034276247024536
12019.307,302472,acc.z,0.891080915927887
12019.307,302472,range.zrange,455.0
12068.997,302522,stateEstimate.z,0.45503443479537964
12068.997,302522,stateEstimate.vz,-0.001240429119206965
12068.997,302522,posCtl.targetZ,0.40034276247024536
12068.997,302522,acc.z,0.8958570957183838
12068.997,302522,range.zrange,457.0
12119.737,302572,stateEstimate.z,0.4547770917415619
12119.737,302572,stateEstimate.vz,-0.04152500256896019
12119.737,302572,posCtl.targetZ,0.40034276247024536
12119.737,302572,acc.z,0.9182608127593994
12119.737,302572,range.zrange,457.0
12169.459,302622,stateEstimate.z,0.4512554705142975
12169.459,302622,stateEstimate.vz,-0.07329817116260529
12169.459,302622,posCtl.targetZ,0.40034276247024536
12169.459,302622,acc.z,0.9400875568389893
12169.459,302622,range.zrange,452.0
12218.581,302672,stateEstimate.z,0.44666531682014465
12218.581,302672,stateEstimate.vz,-0.09430354088544846
12218.581,302672,posCtl.targetZ,0.40034276247024536
12218.581,302672,acc.z,0.9875773787498474
12218.581,302672,range.zrange,445.0
12269.127,302722,stateEstimate.z,0.4410545229911804
12269.127,302722,stateEstimate.vz,-0.10334129631519318
12269.127,302722,posCtl.targetZ,0.40034276247024536
12269.127,302722,acc.z,1.0144963264465332
12269.127,302722,range.zrange,441.0
12322.547,302772,stateEstimate.z,0.4343509078025818
12322.547,302772,stateEstimate.vz,-0.10614914447069168
12322.547,302772,posCtl.targetZ,0.40034276247024536
12322.547,302772,acc.z,1.0283818244934082
12322.547,302772,range.zrange,433.0
12369.706,302822,stateEstimate.z,0.4276028275489807
12369.706,302822,stateEstimate.vz,-0.10064898431301117
12369.706,302822,posCtl.targetZ,0.40034276247024536
12369.706,302822,acc.z,1.0183340311050415
12369.706,302822,range.zrange,427.0
12420.207,302872,stateEstimate.z,0.4225984811782837
12420.207,302872,stateEstimate.vz,-0.08553559333086014
12420.207,302872,posCtl.targetZ,0.40034276247024536
12420.207,302872,acc.z,1.0459784269332886
12420.207,302872,range.zrange,424.0
12468.447,302922,stateEstimate.z,0.4179949164390564
12468.447,302922,stateEstimate.vz,-0.06769257038831711
12468.447,302922,posCtl.targetZ,0.40034276247024536
12468.447,302922,acc.z,1.0420198440551758
12468.447,302922,range.zrange,419.0
12519.187,302972,stateEstimate.z,0.41451725363731384
12519.187,302972,stateEstimate.vz,-0.050217676907777786
12519.187,302972,posCtl.targetZ,0.40034276247024536
12519.187,302972,acc.z,1.022829532623291
12519.187,302972,range.zrange,416.0
12569.452,303022,stateEstimate.z,0.4109398424625397
12569.452,303022,stateEstimate.vz,-0.04254469648003578
12569.452,303022,posCtl.targetZ,0.40034276247024536
12569.452,303022,acc.z,1.0413246154785156
12569.452,303022,range.zrange,411.0
12618.457,303072,stateEstimate.z,0.4095518887042999
12618.457,303072,stateEstimate.vz,-0.022306662052869797
12618.457,303072,posCtl.targetZ,0.40034276247024536
12618.457,303072,acc.z,1.0266929864883423
12618.457,303072,range.zrange,410.0
12668.741,303122,stateEstimate.z,0.41002124547958374
12668.741,303122,stateEstimate.vz,-0.003848177380859852
12668.741,303122,posCtl.targetZ,0.40034276247024536
12668.741,303122,acc.z,1.0268216133117676
12668.741,303122,range.zrange,412.0
12718.926,303172,stateEstimate.z,0.4100400507450104
12718.926,303172,stateEstimate.vz,0.0025805197656154633
12718.926,303172,posCtl.targetZ,0.40034276247024536
12718.926,303172,acc.z,1.0060982704162598
12718.926,303172,range.zrange,410.0
12771.608,303222,stateEstimate.z,0.409319132566452
12771.608,303222,stateEstimate.vz,0.004086514003574848
12771.608,303222,posCtl.targetZ,0.40034276247024536
12771.608,303222,acc.z,1.0104498863220215
12771.608,303222,range.zrange,408.0
12819.387,303272,stateEstimate.z,0.4090067446231842
12819.387,303272,stateEstimate.vz,0.005090448074042797
12819.387,303272,posCtl.targetZ,0.40034276247024536
12819.387,303272,acc.z,1.0060065984725952
12819.387,303272,range.zrange,408.0
12868.742,303322,stateEstimate.z,0.41109636425971985
12868.742,303322,stateEstimate.vz,0.014923827722668648
12868.742,303322,posCtl.targetZ,0.40034276247024536
12868.742,303322,acc.z,0.9993743896484375
12868.742,303322,range.zrange,413.0
12918.937,303372,stateEstimate.z,0.41268882155418396
12918.937,303372,stateEstimate.vz,0.02221796289086342
12918.937,303372,posCtl.targetZ,0.40034276247024536
12918.937,303372,acc.z,0.9928300380706787
12918.937,303372,range.zrange,415.0
12968.773,303422,stateEstimate.z,0.4133435785770416
12968.773,303422,stateEstimate.vz,0.01239754632115364
12968.773,303422,posCtl.targetZ,0.40034276247024536
12968.773,303422,acc.z,0.9898691177368164
12968.773,303422,range.zrange,413.0
13019.272,303472,stateEstimate.z,0.4167063236236572
13019.272,303472,stateEstimate.vz,0.0206286683678627
13019.272,303472,posCtl.targetZ,0.40034276247024536
13019.272,303472,acc.z,0.989471435546875
13019.272,303472,range.zrange,421.0
13069.236,303522,stateEstimate.z,0.4223319888114929
13069.236,303522,stateEstimate.vz,0.03608878329396248
13069.236,303522,posCtl.targetZ,0.40034276247024536
13069.236,303522,acc.z,0.981131374835968
13069.236,303522,range.zrange,429.0
13118.728,303572,stateEstimate.z,0.4271657168865204
13118.728,303572,stateEstimate.vz,0.039835769683122635
13118.728,303572,posCtl.targetZ,0.40034276247024536
13118.728,303572,acc.z,0.9682422876358032
13118.728,303572,range.zrange,431.0
13169.723,303622,stateEstimate.z,0.432770311832428
13169.723,303622,stateEstimate.vz,0.04183194786310196
13169.723,303622,posCtl.targetZ,0.40034276247024536
13169.723,303622,acc.z,0.9462206363677979
13169.723,303622,range.zrange,437.0
13218.74,303672,stateEstimate.z,0.4390943944454193
13218.74,303672,stateEstimate.vz,0.03543724864721298
13218.74,303672,posCtl.targetZ,0.40034276247024536
13218.74,303672,acc.z,0.9351587295532227
13218.74,303672,range.zrange,444.0
13270.119,303722,stateEstimate.z,0.44318240880966187
13270.119,303722,stateEstimate.vz,0.01689252443611622
13270.119,303722,posCtl.targetZ,0.40034276247024536
13270.119,303722,acc.z,0.9245690107345581
13270.119,303722,range.zrange,446.0
13317.981,303772,stateEstimate.z,0.4507075548171997
13317.981,303772,stateEstimate.vz,0.01607971265912056
13317.981,303772,posCtl.targetZ,0.40034276247024536
13317.981,303772,acc.z,0.9234692454338074
13317.981,303772,range.zrange,457.0
13368.577,303822,stateEstimate.z,0.4555659890174866
13368.577,303822,stateEstimate.vz,0.0027201944030821323
13368.577,303822,posCtl.targetZ,0.40034276247024536
13368.577,303822,acc.z,0.9304932355880737
13368.577,303822,range.zrange,463.0
13419.545,303872,stateEstimate.z,0.4620586037635803
13419.545,303872,stateEstimate.vz,0.006471856031566858
13419.545,303872,posCtl.targetZ,0.40034276247024536
13419.545,303872,acc.z,0.9297434687614441
13419.545,303872,range.zrange,472.0
13470.466,303922,stateEstimate.z,0.4679040014743805
13470.466,303922,stateEstimate.vz,-0.0018117763102054596
13470.466,303922,posCtl.targetZ,0.40034276247024536
13470.466,303922,acc.z,0.9043734073638916
13470.466,303922,range.zrange,477.0
13518.117,303972,stateEstimate.z,0.47899845242500305
13518.117,303972,stateEstimate.vz,0.008734001778066158
13518.117,303972,posCtl.targetZ,0.40034276247024536
13518.117,303972,acc.z,0.8943919539451599
13518.117,303972,range.zrange,496.0
13567.977,304022,stateEstimate.z,0.49077287316322327
13567.977,304022,stateEstimate.vz,0.015026938170194626
13567.977,304022,posCtl.targetZ,0.40034276247024536
13567.977,304022,acc.z,0.8807154297828674
13567.977,304022,range.zrange,507.0
13617.886,304072,stateEstimate.z,0.5044095516204834
13617.886,304072,stateEstimate.vz,0.014613267965614796
13617.886,304072,posCtl.targetZ,0.40034276247024536
13617.886,304072,acc.z,0.8356558084487915
13617.886,304072,range.zrange,527.0
13668.243,304122,stateEstimate.z,0.5175190567970276
13668.243,304122,stateEstimate.vz,0.00038376229349523783
13668.243,304122,posCtl.targetZ,0.40034276247024536
13668.243,304122,acc.z,0.8417277336120605
13668.243,304122,range.zrange,523.0
13718.541,304172,stateEstimate.z,0.5187622904777527
13718.541,304172,stateEstimate.vz,-0.06464213877916336
13718.541,304172,posCtl.targetZ,0.40034276247024536
13718.541,304172,acc.z,0.8448519110679626
13718.541,304172,range.zrange,524.0
13768.032,304222,stateEstimate.z,0.5097745060920715
13768.032,304222,stateEstimate.vz,-0.1594953089952469
13768.032,304222,posCtl.targetZ,0.40034276247024536
13768.032,304222,acc.z,0.8792835474014282
13768.032,304222,range.zrange,507.0
13817.786,304272,stateEstimate.z,0.48865801095962524
13817.786,304272,stateEstimate.vz,-0.2768632173538208
13817.786,304272,posCtl.targetZ,0.40034276247024536
13817.786,304272,acc.z,0.9118234515190125
13817.786,304272,range.zrange,480.0
13867.842,304322,stateEstimate.z,0.45608460903167725
13867.842,304322,stateEstimate.vz,-0.39165541529655457
13867.842,304322,posCtl.targetZ,0.40034276247024536
13867.842,304322,acc.z,0.9973189830780029
13867.842,304322,range.zrange,445.0
13920.648,304372,stateEstimate.z,0.41860851645469666
13920.648,304372,stateEstimate.vz,-0.4527590572834015
13920.648,304372,posCtl.targetZ,0.40034276247024536
13920.648,304372,acc.z,1.1213603019714355
13920.648,304372,range.zrange,414.0
13969.018,304422,stateEstimate.z,0.36754336953163147
13969.018,304422,stateEstimate.vz,-0.5161247849464417
13969.018,304422,posCtl.targetZ,0.40034276247024536
13969.018,304422,acc.z,1.229060173034668
13969.018,304422,range.zrange,352.0
14017.662,304472,stateEstimate.z,0.3359425365924835
14017.662,304472,stateEstimate.vz,-0.432610422372818
14017.662,304472,posCtl.targetZ,0.40034276247024536
14017.662,304472,acc.z,1.3014626502990723
14017.662,304472,range.zrange,327.0
14068.354,304522,stateEstimate.z,0.3108280599117279
14068.354,304522,stateEstimate.vz,-0.3187091648578644
14068.354,304522,posCtl.targetZ,0.40034276247024536
14068.354,304522,acc.z,1.3249372243881226
14068.354,304522,range.zrange,304.0
14120.329,304572,stateEstimate.z,0.292127400636673
14120.329,304572,stateEstimate.vz,-0.19467973709106445
14120.329,304572,posCtl.targetZ,0.40034276247024536
14120.329,304572,acc.z,1.3167171478271484
14120.329,304572,range.zrange,287.0
14168.116,304622,stateEstimate.z,0.279485285282135
14168.116,304622,stateEstimate.vz,-0.08081229776144028
14168.116,304622,posCtl.targetZ,0.40034276247024536
14168.116,304622,acc.z,1.2609403133392334
14168.116,304622,range.zrange,274.0
14219.184,304672,stateEstimate.z,0.27388378977775574
14219.184,304672,stateEstimate.vz,0.017468590289354324
14219.184,304672,posCtl.targetZ,0.40034276247024536
14219.184,304672,acc.z,1.2141239643096924
14219.184,304672,range.zrange,269.0
14267.448,304722,stateEstimate.z,0.2742426097393036
14267.448,304722,stateEstimate.vz,0.10655062645673752
14267.448,304722,posCtl.targetZ,0.40034276247024536
14267.448,304722,acc.z,1.2017896175384521
14267.448,304722,range.zrange,268.0
14317.52,304772,stateEstimate.z,0.28078392148017883
14317.52,304772,stateEstimate.vz,0.190410777926445
14317.52,304772,posCtl.targetZ,0.40034276247024536
14317.52,304772,acc.z,1.148665189743042
14317.52,304772,range.zrange,282.0
14369.023,304822,stateEstimate.z,0.2922035753726959
14369.023,304822,stateEstimate.vz,0.2554817497730255
14369.023,304822,posCtl.targetZ,0.40034276247024536
14369.023,304822,acc.z,1.0804846286773682
14369.023,304822,range.zrange,290.0
14417.909,304872,stateEstimate.z,0.30460789799690247
14417.909,304872,stateEstimate.vz,0.28183990716934204
14417.909,304872,posCtl.targetZ,0.40034276247024536
14417.909,304872,acc.z,1.0304361581802368
14417.909,304872,range.zrange,300.0
14468.855,304922,stateEstimate.z,0.3214128017425537
14468.855,304922,stateEstimate.vz,0.30281391739845276
14468.855,304922,posCtl.targetZ,0.40034276247024536
14468.855,304922,acc.z,1.005171298980713
14468.855,304922,range.zrange,319.0
14518.683,304972,stateEstimate.z,0.33487626910209656
14518.683,304972,stateEstimate.vz,0.2914634943008423
14518.683,304972,posCtl.targetZ,0.40034276247024536
14518.683,304972,acc.z,0.9580623507499695
14518.683,304972,range.zrange,324.0
14568.261,305022,stateEstimate.z,0.3503621816635132
14568.261,305022,stateEstimate.vz,0.2740669250488281
14568.261,305022,posCtl.targetZ,0.40034276247024536
14568.261,305022,acc.z,0.9432113170623779
14568.261,305022,range.zrange,344.0
14617.982,305072,stateEstimate.z,0.3639681041240692
14617.982,305072,stateEstimate.vz,0.2409297525882721
14617.982,305072,posCtl.targetZ,0.40034276247024536
14617.982,305072,acc.z,0.9278919696807861
14617.982,305072,range.zrange,355.0
14667.475,305122,stateEstimate.z,0.3732019066810608
14667.475,305122,stateEstimate.vz,0.1896972358226776
14667.475,305122,posCtl.targetZ,0.40034276247024536
14667.475,305122,acc.z,0.9285567402839661
14667.475,305122,range.zrange,370.0
14717.347,305172,stateEstimate.z,0.38138172030448914
14717.347,305172,stateEstimate.vz,0.1506769210100174
14717.347,305172,posCtl.targetZ,0.40034276247024536
14717.347,305172,acc.z,0.92022305727005
14717.347,305172,range.zrange,382.0
14767.548,305222,stateEstimate.z,0.38888758420944214
14767.548,305222,stateEstimate.vz,0.12053713202476501
14767.548,305222,posCtl.targetZ,0.40034276247024536
14767.548,305222,acc.z,0.9226954579353333
14767.548,305222,range.zrange,389.0
14818.369,305272,stateEstimate.z,0.39606404304504395
14818.369,305272,stateEstimate.vz,0.09936121106147766
14818.369,305272,posCtl.targetZ,0.40034276247024536
14818.369,305272,acc.z,0.9474602341651917
14818.369,305272,range.zrange,397.0
14867.92,305322,stateEstimate.z,0.4013466238975525
14867.92,305322,stateEstimate.vz,0.08217161148786545
14867.92,305322,posCtl.targetZ,0.40034276247024536
14867.92,305322,acc.z,0.952731728553772
14867.92,305322,range.zrange,401.0
14917.92,305372,stateEstimate.z,0.4054566025733948
14917.92,305372,stateEstimate.vz,0.06814979761838913
14917.92,305372,posCtl.targetZ,0.40034276247024536
14917.92,305372,acc.z,0.9778087139129639
14917.92,305372,range.zrange,404.0
14967.488,305422,stateEstimate.z,0.4093761146068573
14967.488,305422,stateEstimate.vz,0.05988408997654915
14967.488,305422,posCtl.targetZ,0.40034276247024536
14967.488,305422,acc.z,0.9666358232498169
14967.488,305422,range.zrange,408.0
15018.075,305472,stateEstimate.z,0.4120732545852661
15018.075,305472,stateEstimate.vz,0.048566922545433044
15018.075,305472,posCtl.targetZ,0.40034276247024536
15018.075,305472,acc.z,0.9884242415428162
15018.075,305472,range.zrange,410.0
15070.112,305522,stateEstimate.z,0.41294828057289124
15070.112,305522,stateEstimate.vz,0.03149718791246414
15070.112,305522,posCtl.targetZ,0.40034109354019165
15070.112,305522,acc.z,0.985216498374939
15070.112,305522,range.zrange,409.0
15116.991,305572,stateEstimate.z,0.41545286774635315
15116.991,305572,stateEstimate.vz,0.027727846056222916
15116.991,305572,posCtl.targetZ,0.40034109354019165
15116.991,305572,acc.z,0.9748307466506958
15116.991,305572,range.zrange,417.0
15167.593,305622,stateEstimate.z,0.4176510274410248
15167.593,305622,stateEstimate.vz,0.02326981909573078
15167.593,305622,posCtl.targetZ,0.40034109354019165
15167.593,305622,acc.z,0.978691577911377
15167.593,305622,range.zrange,419.0
15217.343,305672,stateEstimate.z,0.41596487164497375
15217.343,305672,stateEstimate.vz,0.004219091963022947
15217.343,305672,posCtl.targetZ,0.40034109354019165
15217.343,305672,acc.z,1.0022529363632202
15217.343,305672,range.zrange,412.0
15266.972,305722,stateEstimate.z,0.41657280921936035
15266.972,305722,stateEstimate.vz,0.00706955511122942
15266.972,305722,posCtl.targetZ,0.3602309823036194
15266.972,305722,acc.z,0.9962881803512573
15266.972,305722,range.zrange,417.0
15317.76,305772,stateEstimate.z,0.4178868234157562
15317.76,305772,stateEstimate.vz,0.009969125501811504
15317.76,305772,posCtl.targetZ,0.3602309823036194
15317.76,305772,acc.z,0.9869507551193237
15317.76,305772,range.zrange,419.0
15367.921,305822,stateEstimate.z,0.41898858547210693
15367.921,305822,stateEstimate.vz,-0.002134195761755109
15367.921,305822,posCtl.targetZ,0.3602309823036194
15367.921,305822,acc.z,0.9440344572067261
15367.921,305822,range.zrange,420.0
15417.059,305872,stateEstimate.z,0.41793638467788696
15417.059,305872,stateEstimate.vz,-0.023751307278871536
15417.059,305872,posCtl.targetZ,0.3602309823036194
15417.059,305872,acc.z,0.9579081535339355
15417.059,305872,range.zrange,418.0
15467.46,305922,stateEstimate.z,0.41678082942962646
15467.46,305922,stateEstimate.vz,-0.04089399799704552
15467.46,305922,posCtl.targetZ,0.3201444745063782
15467.46,305922,acc.z,0.9729493260383606
15467.46,305922,range.zrange,418.0
15518.18,305972,stateEstimate.z,0.4142206013202667
15518.18,305972,stateEstimate.vz,-0.0671149268746376
15518.18,305972,posCtl.targetZ,0.3201444745063782
15518.18,305972,acc.z,0.9264464378356934
15518.18,305972,range.zrange,415.0
15568.048,306022,stateEstimate.z,0.4101046025753021
15568.048,306022,stateEstimate.vz,-0.09800072014331818
15568.048,306022,posCtl.targetZ,0.3201444745063782
15568.048,306022,acc.z,0.9366441369056702
15568.048,306022,range.zrange,412.0
15617.987,306072,stateEstimate.z,0.4035279452800751
15617.987,306072,stateEstimate.vz,-0.13246342539787292
15617.987,306072,posCtl.targetZ,0.3201444745063782
15617.987,306072,acc.z,0.9466753602027893
15617.987,306072,range.zrange,406.0
15667.743,306122,stateEstimate.z,0.3954993486404419
15667.743,306122,stateEstimate.vz,-0.15718598663806915
15667.743,306122,posCtl.targetZ,0.2800069749355316
15667.743,306122,acc.z,0.9526283144950867
15667.743,306122,range.zrange,399.0
15717.553,306172,stateEstimate.z,0.38622918725013733
15717.553,306172,stateEstimate.vz,-0.18203051388263702
15717.553,306172,posCtl.targetZ,0.2800069749355316
15717.553,306172,acc.z,0.9455893039703369
15717.553,306172,range.zrange,392.0
15768.555,306222,stateEstimate.z,0.3764877915382385
15768.555,306222,stateEstimate.vz,-0.19922208786010742
15768.555,306222,posCtl.targetZ,0.2800069749355316
15768.555,306222,acc.z,0.973796010017395
15768.555,306222,range.zrange,384.0
15818.455,306272,stateEstimate.z,0.3653299808502197
15818.455,306272,stateEstimate.vz,-0.21252946555614471
15818.455,306272,posCtl.targetZ,0.2800069749355316
15818.455,306272,acc.z,0.999008059501648
15818.455,306272,range.zrange,365.0
15867.998,306322,stateEstimate.z,0.35517385601997375
15867.998,306322,stateEstimate.vz,-0.20961014926433563
15867.998,306322,posCtl.targetZ,0.23995256423950195
15867.998,306322,acc.z,0.9999349117279053
15867.998,306322,range.zrange,358.0
15917.044,306372,stateEstimate.z,0.34511369466781616
15917.044,306372,stateEstimate.vz,-0.20967307686805725
15917.044,306372,posCtl.targetZ,0.23995256423950195
15917.044,306372,acc.z,1.004871129989624
15917.044,306372,range.zrange,350.0
15967.733,306422,stateEstimate.z,0.3355175256729126
15967.733,306422,stateEstimate.vz,-0.2079828381538391
15967.733,306422,posCtl.targetZ,0.23995256423950195
15967.733,306422,acc.z,0.984819769859314
15967.733,306422,range.zrange,341.0
16017.203,306472,stateEstimate.z,0.32485347986221313
16017.203,306472,stateEstimate.vz,-0.21222427487373352
16017.203,306472,posCtl.targetZ,0.23995256423950195
16017.203,306472,acc.z,0.9881234169006348
16017.203,306472,range.zrange,331.0
16067.428,306522,stateEstimate.z,0.3131932318210602
16067.428,306522,stateEstimate.vz,-0.21848388016223907
16067.428,306522,posCtl.targetZ,0.1998673379421234
16067.428,306522,acc.z,1.0115184783935547
16067.428,306522,range.zrange,321.0
16118.158,306572,stateEstimate.z,0.3026584982872009
16118.158,306572,stateEstimate.vz,-0.21993258595466614
16118.158,306572,posCtl.targetZ,0.1998673379421234
16118.158,306572,acc.z,0.9958249926567078
16118.158,306572,range.zrange,312.0
16167.328,306622,stateEstimate.z,0.2885601818561554
16167.328,306622,stateEstimate.vz,-0.23985345661640167
16167.328,306622,posCtl.targetZ,0.1998673379421234
16167.328,306622,acc.z,0.9755711555480957
16167.328,306622,range.zrange,287.0
16216.209,306672,stateEstimate.z,0.27639123797416687
16216.209,306672,stateEstimate.vz,-0.24666427075862885
16216.209,306672,posCtl.targetZ,0.1998673379421234
16216.209,306672,acc.z,1.001833200454712
16216.209,306672,range.zrange,279.0
16266.381,306722,stateEstimate.z,0.2629810869693756
16266.381,306722,stateEstimate.vz,-0.2504616677761078
16266.381,306722,posCtl.targetZ,0.15972451865673065
16266.381,306722,acc.z,1.0197398662567139
16266.381,306722,range.zrange,264.0
16317.561,306772,stateEstimate.z,0.247684508562088
16317.561,306772,stateEstimate.vz,-0.2666808068752289
16317.561,306772,posCtl.targetZ,0.15972451865673065
16317.561,306772,acc.z,0.9908667802810669
16317.561,306772,range.zrange,249.0
16367.863,306822,stateEstimate.z,0.2341827154159546
16367.863,306822,stateEstimate.vz,-0.268202006816864
16367.863,306822,posCtl.targetZ,0.15972451865673065
16367.863,306822,acc.z,0.9972405433654785
16367.863,306822,range.zrange,242.0
16418.02,306872,stateEstimate.z,0.2234300822019577
16418.02,306872,stateEstimate.vz,-0.2644057869911194
16418.02,306872,posCtl.targetZ,0.15972451865673065
16418.02,306872,acc.z,0.9876929521560669
16418.02,306872,range.zrange,235.0
16466.669,306922,stateEstimate.z,0.20975857973098755
16466.669,306922,stateEstimate.vz,-0.26704201102256775
16466.669,306922,posCtl.targetZ,0.1196565181016922
16466.669,306922,acc.z,0.9887545704841614
16466.669,306922,range.zrange,220.0
16516.174,306972,stateEstimate.z,0.19620876014232635
16516.174,306972,stateEstimate.vz,-0.27313101291656494
16516.174,306972,posCtl.targetZ,0.1196565181016922
16516.174,306972,acc.z,0.9766979217529297
16516.174,306972,range.zrange,192.0
16567.188,307022,stateEstimate.z,0.17829260230064392
16567.188,307022,stateEstimate.vz,-0.29343876242637634
16567.188,307022,posCtl.targetZ,0.1196565181016922
16567.188,307022,acc.z,1.002225637435913
16567.188,307022,range.zrange,178.0
16616.478,307072,stateEstimate.z,0.162953183054924
16616.478,307072,stateEstimate.vz,-0.29411137104034424
16616.478,307072,posCtl.targetZ,0.1196565181016922
16616.478,307072,acc.z,1.0445141792297363
16616.478,307072,range.zrange,165.0
16666.96,307122,stateEstimate.z,0.14936599135398865
16666.96,307122,stateEstimate.vz,-0.26532602310180664
16666.96,307122,posCtl.targetZ,0.07961277663707733
16666.96,307122,acc.z,1.007662296295166
16666.96,307122,range.zrange,156.0
16721.76,307172,stateEstimate.z,0.1368405967950821
16721.76,307172,stateEstimate.vz,-0.2634730041027069
16721.76,307172,posCtl.targetZ,0.07961277663707733
16721.76,307172,acc.z,0.9926667213439941
16721.76,307172,range.zrange,146.0
16766.354,307222,stateEstimate.z,0.12369322776794434
16766.354,307222,stateEstimate.vz,-0.26400691270828247
16766.354,307222,posCtl.targetZ,0.07961277663707733
16766.354,307222,acc.z,1.0183677673339844
16766.354,307222,range.zrange,132.0
16816.835,307272,stateEstimate.z,0.11108356714248657
16816.835,307272,stateEstimate.vz,-0.24731998145580292
16816.835,307272,posCtl.targetZ,0.07961277663707733
16816.835,307272,acc.z,1.0549100637435913
16816.835,307272,range.zrange,122.0
16866.142,307322,stateEstimate.z,0.10234492272138596
16866.142,307322,stateEstimate.vz,-0.2096799910068512
16866.142,307322,posCtl.targetZ,0.039559174329042435
16866.142,307322,acc.z,1.0404517650604248
16866.142,307322,range.zrange,115.0
16915.906,307372,stateEstimate.z,0.09359809756278992
16915.906,307372,stateEstimate.vz,-0.18769729137420654
16915.906,307372,posCtl.targetZ,0.039559174329042435
16915.906,307372,acc.z,1.0329078435897827
16915.906,307372,range.zrange,92.0
16966.162,307422,stateEstimate.z,0.08268395066261292
16966.162,307422,stateEstimate.vz,-0.17660629749298096
16966.162,307422,posCtl.targetZ,0.039559174329042435
16966.162,307422,acc.z,1.058332920074463
16966.162,307422,range.zrange,82.0
17017.396,307472,stateEstimate.z,0.07113644480705261
17017.396,307472,stateEstimate.vz,-0.16475941240787506
17017.396,307472,posCtl.targetZ,0.039559174329042435
17017.396,307472,acc.z,1.0511479377746582
17017.396,307472,range.zrange,70.0
